Company Name,Ticker,Optionable,Market Cap (mil)
"Agilent Technologies","A","YES","40167.96"
"Alcoa","AA","YES","14433.63"
"American Airlines","AAL","YES","11334.34"
"AAON","AAON","YES","3067.56"
"Advance Auto Parts","AAP","YES","12559.83"
"Apple","AAPL","YES","2690259.75"
"American Assets Trust","AAT","YES","2232.72"
"Atlas Air Worldwide Holdings","AAWW","YES","2238.66"
"AllianceBernstein","AB","YES","4530.76"
"ABB","ABB","YES","69273.23"
"AbbVie","ABBV","YES","264499.44"
"AmerisourceBergen","ABC","YES","29680.78"
"Ameris Bancorp","ABCB","YES","3454.6"
"AbCellera Biologics","ABCL","YES","2514.52"
"Ambev","ABEV","YES","46581.98"
"Asbury Automotive Group","ABG","YES","4431.88"
"ABM Industries","ABM","YES","2999.02"
"Abiomed","ABMD","YES","14214.71"
"Airbnb","ABNB","YES","98542.46"
"Arbor Realty Trust","ABR","YES","2556.96"
"Abbott Laboratories","ABT","YES","215867.86"
"Arcosa","ACA","YES","2488.1"
"ACADIA Pharmaceuticals","ACAD","YES","4121.78"
"American Campus Communities","ACC","YES","7547.86"
"Arch Capital Group","ACGL","YES","18356.8"
"Acadia Healthcare","ACHC","YES","5119.13"
"Albertsons Companies","ACI","YES","13882.95"
"ACI Worldwide","ACIW","YES","3945.53"
"Axcelis Technologies","ACLS","YES","2313.17"
"AECOM","ACM","YES","10508.84"
"ACM Research","ACMR","YES","1450.85"
"Accenture","ACN","YES","203875.78"
"Enact Holdings","ACT","YES","3448.96"
"ACV Auctions","ACVA","YES","2033.37"
"","ACWI","YES","18649.44"
"Adobe","ADBE","YES","219896.77"
"Agree Realty","ADC","YES","4631.41"
"Analog Devices","ADI","YES","84839.84"
"Archer Daniels Midland","ADM","YES","44354.94"
"Adient","ADNT","YES","4387.68"
"Automatic Data Processing","ADP","YES","85840.45"
"Adaptive Biotechnologies","ADPT","YES","2018.98"
"Alliance Data Systems","ADS","YES","3367.96"
"Autodesk","ADSK","YES","48310.56"
"ADT","ADT","YES","6015.33"
"Advantage Solutions","ADV","YES","2472.13"
"Ameren","AEE","YES","22172.06"
"Aegon","AEG","YES","13803.43"
"Advanced Energy Industries","AEIS","YES","3316.06"
"American Equity Investment Life Holding","AEL","YES","3534.94"
"Agnico Eagle Mines","AEM","YES","12716.9"
"American Eagle Outfitters","AEO","YES","3601.76"
"American Electric Power","AEP","YES","45056.68"
"Aercap","AER","YES","8377.58"
"AES","AES","YES","14074.33"
"American Financial Group","AFG","YES","11624.62"
"Aflac","AFL","YES","40258.88"
"Affirm","AFRM","YES","11147.87"
"First Majestic Silver","AG","YES","2941.56"
"AGCO","AGCO","YES","8859.62"
"","AGG","YES","87173.89"
"Alamos Gold","AGI","YES","2911.74"
"Agios Pharmaceuticals","AGIO","YES","1682.29"
"Agilon Health","AGL","YES","7991.21"
"AGNC Investment","AGNC","YES","6799.35"
"Assured Guaranty","AGO","YES","4445.3"
"Avangrid","AGR","YES","17368.93"
"AdaptHealth","AHCO","YES","2141.89"
"C3.ai","AI","YES","2269.86"
"American International Group","AIG","YES","52441.6"
"Altra Industrial Motion","AIMC","YES","2834.39"
"Albany International","AIN","YES","2777.8"
"AAR","AIR","YES","1545.73"
"Apartment Income REIT","AIRC","YES","8226.04"
"Applied Industrial Technologies","AIT","YES","3869.5"
"Assurant","AIZ","YES","9595.45"
"Arthur J. Gallagher & Co.","AJG","YES","33220.74"
"Aerojet Rocketdyne Holdings","AJRD","YES","2978.52"
"Akamai Technologies","AKAM","YES","17114.01"
"Acadia Realty Trust","AKR","YES","1926.52"
"Air Lease","AL","YES","5130.56"
"Albemarle","ALB","YES","22465.18"
"Allete","ALE","YES","3332.66"
"Alexander & Baldwin Holdings","ALEX","YES","1638.45"
"Alamo Group","ALG","YES","1646.14"
"Allegro MicroSystems","ALGM","YES","5402.73"
"Align Technology","ALGN","YES","40416.93"
"Allegiant","ALGT","YES","3160.65"
"Alignment Healthcare","ALHC","YES","1597.17"
"Alight","ALIT","YES","5527.95"
"Alaska Air Group","ALK","YES","7248.78"
"Alkermes","ALKS","YES","4018.46"
"Allstate","ALL","YES","34562.23"
"Allegion","ALLE","YES","10155.32"
"Ally Financial","ALLY","YES","17485.03"
"Alnylam Pharmaceuticals","ALNY","YES","18632.63"
"Alarm.com","ALRM","YES","3265.44"
"Allison Transmission Holdings","ALSN","YES","3886.35"
"Altair Engineering","ALTR","YES","4903.19"
"Autoliv","ALV","YES","8052.37"
"Antero Midstream","AM","YES","4588.81"
"Applied Materials","AMAT","YES","119894.31"
"Ambarella","AMBA","YES","5157.12"
"Ardagh Metal Packaging","AMBP","YES","5254.6"
"AMC Entertainment","AMC","YES","9065.41"
"Amcor","AMCR","YES","17861.98"
"AMC Networks","AMCX","YES","1726.43"
"Advanced Micro Devices","AMD","YES","145187.67"
"AMETEK","AME","YES","30090.99"
"Amedisys","AMED","YES","5200.86"
"Apollo Medical","AMEH","YES","2805.78"
"Affiliated Managers Group","AMG","YES","5762.73"
"Amgen","AMGN","YES","127878.27"
"American Homes 4 Rent","AMH","YES","12937.77"
"AssetMark Financial","AMK","YES","1743.88"
"Amkor Technology","AMKR","YES","5723.96"
"AMN Healthcare Services","AMN","YES","5149.19"
"Ameriprise Financial","AMP","YES","33876.88"
"Alpha Metallurgical Resources","AMR","YES","1742.71"
"Ameresco","AMRC","YES","3002.12"
"Amyris","AMRS","YES","1420.98"
"American Tower","AMT","YES","106411.97"
"America Movil","AMX","YES","58350.38"
"Amazon.com","AMZN","YES","1565088.38"
"AutoNation","AN","YES","7390.74"
"American National Group","ANAT","YES","5086.52"
"The Andersons","ANDE","YES","1478.86"
"Arista Networks","ANET","YES","38009.18"
"Abercrombie & Fitch","ANF","YES","2193.08"
"Angi","ANGI","YES","3486.61"
"ANSYS","ANSS","YES","28295.66"
"Anthem","ANTM","YES","110117.22"
"Aon","AON","YES","64546.38"
"A. O. Smith","AOS","YES","11044.26"
"Alpha and Omega Semiconductor","AOSL","YES","1426.18"
"APA","APA","YES","11675.96"
"Artisan Partners Asset Management","APAM","YES","3041.45"
"Air Products and Chemicals","APD","YES","53296.43"
"APi Group","APG","YES","4921.54"
"Amphenol","APH","YES","46028.52"
"Apple Hospitality REIT","APLE","YES","4051.54"
"Apellis Pharmaceuticals","APLS","YES","3712.67"
"Apollo Global Management Inc.","APO","YES","16192.87"
"AppLovin","APP","YES","21405.44"
"AppFolio","APPF","YES","3916.78"
"Appian","APPN","YES","4179.88"
"Digital Turbine","APPS","YES","4643.47"
"Aptiv","APTV","YES","36789.92"
"Algonquin Power & Utilities","AQN","YES","9582.15"
"Evoqua Water Technologies","AQUA","YES","5243.68"
"Antero Resources","AR","YES","7110.51"
"ArcBest","ARCB","YES","2294.76"
"Ares Capital","ARCC","YES","10425.28"
"Arch Resources","ARCH","YES","1794.06"
"Arcos Dorados","ARCO","YES","1650.07"
"Alexandria Real Estate Equities","ARE","YES","30977.82"
"Ares Management","ARES","YES","23111.44"
"argenex","ARGX","YES","14794.19"
"Apollo Commercial Real Estate Finance","ARI","YES","1828.44"
"Alliance Resource Partners","ARLP","YES","1662.44"
"Aramark","ARMK","YES","9647.82"
"Arena Pharmaceuticals","ARNA","YES","5834.83"
"Arconic","ARNC","YES","3317.74"
"Centricus Acquisition","ARQQ","YES","1875.55"
"Arrival","ARVL","YES","2021.49"
"Arvinas","ARVN","YES","3567.78"
"Arrow Electronics","ARW","YES","8355.36"
"Arrowhead Pharmaceuticals","ARWR","YES","4639.17"
"Sendas Distribuidora","ASAI","YES","3536.37"
"Asana","ASAN","YES","10085.83"
"Associated BancCorp","ASB","YES","3722.17"
"ASGN","ASGN","YES","5796.65"
"Ashland Global","ASH","YES","5362.79"
"ASML Holding","ASML","YES","273370.31"
"Ascendis Pharma","ASND","YES","6172.37"
"Academy Sports and Outdoors","ASO","YES","2923.43"
"Grupo Aeroportuario del Sureste","ASR","YES","6387.6"
"ASE Technology","ASX","YES","16040.17"
"Atlas","ATCO","YES","3602.07"
"Autohome","ATHM","YES","3853.52"
"Allegheny Technologies","ATI","YES","3239.74"
"Atkore","ATKR","YES","4751.15"
"Atmos Energy","ATO","YES","14774.31"
"AptarGroup","ATR","YES","7931.05"
"AtriCure","ATRC","YES","3149.08"
"Air Transport Services Group","ATSG","YES","2168.1"
"Altice USA","ATUS","YES","5260.34"
"Activision Blizzard","ATVI","YES","63432.68"
"AngloGold Ashanti","AU","YES","9175.51"
"Atlantic Union Bankshares","AUB","YES","3129.77"
"Aurinia Pharmaceuticals","AUPH","YES","2105.85"
"Reinvent Technology Partners Y","AUR","YES","3413.64"
"Yamana Gold","AUY","YES","4770.41"
"Avista","AVA","YES","3178.54"
"AeroVironment","AVAV","YES","1545.12"
"AvalonBay Communities","AVB","YES","34103.77"
"AvidXchange","AVDX","YES","1877.76"
"Broadcom","AVGO","YES","240856.39"
"Avid Technology","AVID","YES","1429.9"
"Avalara","AVLR","YES","8949.88"
"Avanos Medical","AVNS","YES","1675.05"
"Avient","AVNT","YES","4841.72"
"Avnet","AVT","YES","4175.25"
"Avantor","AVTR","YES","21586.77"
"Avery Dennison","AVY","YES","14869.42"
"Armstrong World Industries","AWI","YES","4237.68"
"American Water Works","AWK","YES","27719"
"American States Water","AWR","YES","3073.49"
"Axos Financial","AX","YES","3219.65"
"Axonics","AXNX","YES","2642.65"
"Axon Enterprise","AXON","YES","9184.24"
"American Express","AXP","YES","147094.66"
"Axis Capital Holdings","AXS","YES","4730.35"
"Axalta Coating Systems","AXTA","YES","6237.53"
"Atlantica Yield","AY","YES","3554.27"
"Acuity Brands","AYI","YES","6410.43"
"Alteryx","AYX","YES","4142.07"
"AZEK","AZEK","YES","4632.62"
"AstraZeneca","AZN","YES","187727.75"
"AutoZone","AZO","YES","38475.51"
"Aspen Technology","AZPN","YES","9903.3"
"Azenta ","AZTA","YES","6631.56"
"AZUL","AZUL","YES","6277.35"
"Barnes Group","B","YES","2369.87"
"Boeing","BA","YES","117462.79"
"Alibaba","BABA","YES","292616.03"
"Bank of America","BAC","YES","368447.47"
"Booz Allen Hamilton","BAH","YES","10179.55"
"Bally's","BALY","YES","1970.67"
"Brookfield Asset Management","BAM","YES","89934.61"
"BancFirst","BANF","YES","2519.46"
"Banner","BANR","YES","2128.12"
"Credicorp","BAP","YES","12042.17"
"Baxter International","BAX","YES","43189.82"
"BlackBerry","BB","YES","3862.4"
"Bed Bath & Beyond","BBBY","YES","1557.78"
"Banco Bradesco","BBD","YES","38001.61"
"Brookfield Business Partners","BBU","YES","3222.01"
"Banco Bilbao Viscaya Argentaria","BBVA","YES","40940.82"
"Bath & Body Works, Inc.","BBWI","YES","14033.01"
"Best Buy","BBY","YES","23052.95"
"Brunswick","BC","YES","7164.02"
"Boise Cascade","BCC","YES","3002.91"
"BCE","BCE","YES","48052.65"
"Brink's","BCO","YES","3466.83"
"Balchem","BCPC","YES","4539.7"
"BioCryst Pharmaceuticals","BCRX","YES","3051.52"
"Barclays","BCS","YES","43346.98"
"Bicycle Therapeutics","BCYC","YES","1401.78"
"Belden","BDC","YES","2539.34"
"Brandywine Realty Trust","BDN","YES","2289.67"
"Becton, Dickinson and Company","BDX","YES","77662.77"
"Bloom Energy","BE","YES","3565.46"
"Beam Therapeutics","BEAM","YES","5093.15"
"Beacon Roofing Supply","BECN","YES","4103.77"
"KE Hodlings","BEKE","YES","23091.47"
"Franklin Resources","BEN","YES","15169.18"
"Brookfield Renewable Partners","BEP","YES","9526.23"
"Brookfield Renewable","BEPC","YES","6139.25"
"Berry Global Group","BERY","YES","8412.95"
"Brown Forman","BF.A","YES","29580.39"
"BrownForman","BF.B","YES","31826.34"
"Bright Horizons Family Solutions","BFAM","YES","7776.15"
"Bunge Limited","BG","YES","14863.58"
"BGC Partners","BGCP","YES","1714.64"
"BeiGene","BGNE","YES","21941.24"
"B&G Foods","BGS","YES","1991.04"
"Bausch Health","BHC","YES","8757.39"
"Brighthouse Financial","BHF","YES","4148.01"
"Bright Health Group","BHG","YES","2111.14"
"Berkshire Hills Bancorp","BHLB","YES","1498.71"
"BHP Group Limited","BHP","YES","98921.93"
"Biohaven Pharmaceutical","BHVN","YES","7987.22"
"Baidu","BIDU","YES","53291.27"
"BigCommerce","BIGC","YES","1831.51"
"Biogen","BIIB","YES","30477.15"
"Bilibili","BILI","YES","9813.93"
"Bill.com","BILL","YES","23758.01"
"BioRad Laboratories","BIO","YES","19195.37"
"Brookfield Infrastructure Partners","BIP","YES","17407.02"
"Brookfield Infrastructure","BIPC","YES","5134.6"
"BJ's Wholesale Club","BJ","YES","8704.45"
"The Bank of New York Mellon","BK","YES","44899.89"
"The Buckle","BKE","YES","1826.55"
"Black Hills","BKH","YES","4436.64"
"Black Knight Financial Services","BKI","YES","8767.26"
"Bakkt","BKKT","YES","1537.16"
"Booking Holdings","BKNG","YES","93684.7"
"Baker Hughes","BKR","YES","30310.39"
"BankUnited","BKU","YES","3697.73"
"BlackLine","BL","YES","4234.91"
"TopBuild","BLD","YES","6942.04"
"Ballard Power Systems","BLDP","YES","2914.49"
"Builders FirstSource","BLDR","YES","13925.96"
"BlackRock","BLK","YES","114070.06"
"Blackbaud","BLKB","YES","3224.03"
"Ball","BLL","YES","29214.32"
"Bloomin' Brands","BLMN","YES","2228.55"
"Blend Labs","BLND","YES","1851.21"
"Bumble","BMBL","YES","3409.39"
"Badger Meter","BMI","YES","2926.99"
"Bank Of Montreal","BMO","YES","74170.28"
"BioMarin Pharmaceutical","BMRN","YES","14320.29"
"Bristol Myers Squibb","BMY","YES","149964.23"
"Broadstone Net Lease","BNL","YES","3536.58"
"Bank of Nova Scotia","BNS","YES","86969.31"
"BioNTech","BNTX","YES","36527.9"
"Bank of Hawaii","BOH","YES","3488.45"
"BOK Financial","BOKF","YES","7046.14"
"Boot Barn","BOOT","YES","2558.46"
"Box","BOX","YES","3756.43"
"BP","BP","YES","100793.53"
"Blueprint Medicines","BPMC","YES","3681.27"
"BP Midstream Partners","BPMP","YES","1836"
"Popular","BPOP","YES","7334.09"
"Broadridge Financial Solutions","BR","YES","17311.54"
"Brady","BRC","YES","2399.61"
"BRF","BRFS","YES","2643.51"
"Berkshire Hathaway","BRK.B","YES","712985.44"
"Bruker","BRKR","YES","10794.82"
"Brown & Brown","BRO","YES","19074.95"
"Dutch Bros","BROS","YES","1626.9"
"BRP Group","BRP","YES","3162.2"
"Brixmor Property Group","BRX","YES","7636.71"
"Banco Santander Chile","BSAC","YES","8979.46"
"BrightSphere Investment Group","BSIG","YES","1943.6"
"Black Stone Minerals","BSM","YES","2524.85"
"Boston Scientific","BSX","YES","64345.29"
"Bentley Systems","BSY","YES","10418.23"
"B2Gold Corp","BTG","YES","4310.75"
"British American Tobacco","BTI","YES","96353.55"
"Peabody Energy","BTU","YES","2139.05"
"AnheuserBusch InBev","BUD","YES","130779.01"
"Burlington Stores","BURL","YES","15064.88"
"First Busey","BUSE","YES","1530.44"
"Buenaventura Mining","BVN","YES","2473.86"
"BorgWarner","BWA","YES","10106.36"
"BWX Technologies","BWXT","YES","4532.5"
"The Blackstone Group","BX","YES","88455.35"
"Blackstone Mortgage Trust","BXMT","YES","5336.44"
"Boston Properties","BXP","YES","19285.31"
"Boyd Gaming","BYD","YES","7918.12"
"Beyond Meat","BYND","YES","2817.59"
"Kanzhun","BZ","YES","13226.35"
"Citigroup","C","YES","125620.14"
"Credit Acceptance","CACC","YES","7847.44"
"CACI International","CACI","YES","6227.76"
"BancorpSouth Bank","CADE","YES","3383.34"
"CAE","CAE","YES","8289.13"
"Conagra Brands","CAG","YES","16957.31"
"Cardinal Health","CAH","YES","15016.73"
"The Cheesecake Factory","CAKE","YES","2283.25"
"CalMaine Foods","CALM","YES","2157.59"
"Calix","CALX","YES","3479.05"
"Camtek","CAMT","YES","1450.42"
"Cano Health","CANO","YES","2491.13"
"Avis Budget Group","CAR","YES","9678.68"
"CarGurus","CARG","YES","5465.21"
"Carrier Global","CARR","YES","39195.64"
"Meta Financial Group","CASH","YES","1648.61"
"Casey's General Stores","CASY","YES","6936.75"
"Caterpillar","CAT","YES","100243.22"
"Cathay General Bancorp","CATY","YES","3644.18"
"Chubb Limited","CB","YES","88237.98"
"Cboe Global Markets","CBOE","YES","12519.36"
"CBRE Group","CBRE","YES","33008.09"
"Cracker Barrel Old Country Store","CBRL","YES","3143.85"
"Commerce Bancshares","CBSH","YES","8670.27"
"Cabot","CBT","YES","4191.38"
"Community Bank System","CBU","YES","3914.85"
"CBIZ","CBZ","YES","2010.24"
"Chemours","CC","YES","4590.93"
"CCC Intelligent Solutions","CCCS","YES","6314.67"
"Crown Castle International","CCI","YES","72430.52"
"Cameco","CCJ","YES","9084.98"
"Crown Holdings","CCK","YES","15672.76"
"Carnival","CCL","YES","20812.28"
"CMC Materials","CCMP","YES","5329.73"
"Clear Channel Outdoor","CCO","YES","1751.02"
"Cogent Communications","CCOI","YES","3051.12"
"Century Communities","CCS","YES","2134.95"
"ChemoCentryx","CCXI","YES","2141.04"
"Chindata","CD","YES","1997.81"
"Ceridian HCM","CDAY","YES","10873.15"
"Centennial Resource Development","CDEV","YES","2360.8"
"CDK Global","CDK","YES","5365.06"
"Cardlytics","CDLX","YES","2040.73"
"CareDx","CDNA","YES","2078.59"
"Cadence Design Systems","CDNS","YES","42412.99"
"CDW","CDW","YES","24094.91"
"Celanese","CE","YES","15262.36"
"Constellation Energy Corporation","CEG","YES","14328.84"
"Celsius","CELH","YES","4775.66"
"Central Garden & Pet","CENT","YES","2594.11"
"Central Garden & Pet","CENTA","YES","2403.39"
"Century Aluminum","CENX","YES","2071.17"
"Crestwood Equity Partners","CEQP","YES","1868.12"
"Cerevel Therapeutics","CERE","YES","3747.15"
"Cerner","CERN","YES","27401.27"
"Certara","CERT","YES","3897.78"
"CF Industries","CF","YES","16480.74"
"Capitol Federal Financial","CFFN","YES","1531.48"
"Citizens Financial Group","CFG","YES","22365.06"
"Confluent","CFLT","YES","11084.12"
"CullenFrost Bankers","CFR","YES","8972.26"
"Colfax","CFX","YES","6853.31"
"Carlyle Group","CG","YES","16796.81"
"Centerra Gold","CGAU","YES","2765.67"
"Canopy Growth","CGC","YES","2822.26"
"Cognex","CGNX","YES","11600.19"
"Church & Dwight Co.","CHD","YES","23953.67"
"Churchill Downs","CHDN","YES","9303.87"
"Chemed","CHE","YES","7563.37"
"Chegg","CHGG","YES","4181.65"
"Choice Hotels International","CHH","YES","8159.71"
"Chesapeake Energy","CHK","YES","8792.31"
"Check Point Software Technologies","CHKP","YES","19315.11"
"Change Healthcare","CHNG","YES","6602.83"
"ChargePoint","CHPT","YES","4538.38"
"C.H. Robinson Worldwide","CHRW","YES","12581.49"
"Chunghwa Telecom","CHT","YES","34799.91"
"Charter Communications","CHTR","YES","107782.62"
"Chewy","CHWY","YES","17626.2"
"ChampionX","CHX","YES","4291.59"
"Cigna","CI","YES","74730.75"
"BanColombia","CIB","YES","8476.1"
"Ciena","CIEN","YES","10640.44"
"Comp En De Mn Cemig","CIG","YES","4833.53"
"Colliers International Group","CIGI","YES","5970.53"
"Chimera Investment","CIM","YES","2897.94"
"Cincinnati Financial","CINF","YES","20044.6"
"Civitas Resources","CIVI","YES","1464.99"
"CI Financial","CIXX","YES","3275.52"
"ColgatePalmolive","CL","YES","65675.67"
"Columbia Financial","CLBK","YES","2301.79"
"Cellebrite DI Ltd.","CLBT","YES","1401.89"
"Celldex Therapeutics","CLDX","YES","1406.92"
"ClevelandCliffs","CLF","YES","11301.56"
"Clean Harbors","CLH","YES","5275.11"
"Clean Energy Fuels","CLNE","YES","1546.4"
"Continental Resources","CLR","YES","19060.09"
"Celestica","CLS","YES","1506.38"
"Clarivate","CLVT","YES","10038.09"
"Clorox","CLX","YES","18132.09"
"Canadian Imperial Bank of Commerce","CM","YES","58075.34"
"Comerica","CMA","YES","12523.26"
"Commercial Metals","CMC","YES","4574.98"
"Comcast","CMCSA","YES","213379.14"
"CME Group","CME","YES","86043.79"
"Chipotle Mexican Grill","CMG","YES","41963.83"
"Cummins","CMI","YES","29033.69"
"Compass Minerals International","CMP","YES","1985.28"
"Cimpress","CMPR","YES","1623.24"
"Costamare","CMRE","YES","1715.54"
"CMS Energy","CMS","YES","18585.22"
"CNA Financial","CNA","YES","12515.12"
"Centene","CNC","YES","48680.95"
"CNH Industrial","CNHI","YES","19618.16"
"Canadian National Railway","CNI","YES","87399.4"
"Cinemark","CNK","YES","2119.78"
"Core & Main","CNM","YES","5476.65"
"CONMED","CNMD","YES","4361.69"
"Cannae","CNNE","YES","2344.63"
"CNO Financial Group","CNO","YES","3052.01"
"CenterPoint Energy","CNP","YES","17220.27"
"Canadian Natural Resources Limited","CNQ","YES","63923.77"
"Cornerstone Building Brands","CNR","YES","2810.9"
"Cohen & Steers","CNS","YES","3897.72"
"CNX Resources","CNX","YES","3328.93"
"Concentrix","CNXC","YES","10388.17"
"Compass Diversified Holdings","CODI","YES","1670.28"
"Capital One Financial","COF","YES","65371.29"
"Coherent","COHR","YES","6561.35"
"Cohu","COHU","YES","1536.56"
"Coinbase Global","COIN","YES","38054.63"
"Columbia Banking System","COLB","YES","2902.79"
"Americold Realty Trust","COLD","YES","7170.76"
"Columbia Sportswear","COLM","YES","6056.5"
"CommScope","COMM","YES","2046.19"
"CyrusOne","CONE","YES","11712.52"
"The Cooper Companies","COO","YES","20301.26"
"Mr. Cooper Group","COOP","YES","3767.05"
"ConocoPhillips","COP","YES","118607.81"
"Corcept Therapeutics","CORT","YES","2614.99"
"Costco Wholesale","COST","YES","229471.86"
"Coty","COTY","YES","7472.69"
"Coupa Software","COUP","YES","8657.71"
"Coursera","COUR","YES","2810.39"
"Canadian Pacific Railway Limited","CP","YES","65860.8"
"Copa Holdings","CPA","YES","3767.02"
"Campbell Soup","CPB","YES","13635.53"
"Callon Petroleum","CPE","YES","3170.62"
"Crescent Point Energy","CPG","YES","3986.99"
"Chesapeake Utilities","CPK","YES","2324.11"
"Coupang","CPNG","YES","43786.04"
"Capri Holdings","CPRI","YES","10181.03"
"Copart","CPRT","YES","29575.03"
"Camden Property Trust","CPT","YES","17385.46"
"Cheniere Energy Partners","CQP","YES","25454.91"
"Crane Co.","CR","YES","5964.32"
"California Resources","CRC","YES","3227.77"
"Cricut","CRCT","YES","3607.64"
"Crescent Energy Company","CRGY","YES","2951.62"
"CRH","CRH","YES","35287.61"
"Carter's","CRI","YES","4095.98"
"Comstock Resources","CRK","YES","1900.65"
"Charles River Laboratories International","CRL","YES","14951.95"
"Salesforce","CRM","YES","204968.64"
"Cerence","CRNC","YES","1402.16"
"Crocs","CROX","YES","4879.56"
"Carpenter Technology","CRS","YES","1865.61"
"CRISPR Therapeutics","CRSP","YES","4570.96"
"Corsair Gaming","CRSR","YES","2157.65"
"Criteo","CRTO","YES","2126.71"
"Cirrus Logic","CRUS","YES","5024.25"
"CorVel","CRVL","YES","2774.7"
"CrowdStrike","CRWD","YES","41682.42"
"Credit Suisse Group","CS","YES","22372.31"
"Cisco Systems","CSCO","YES","232799.58"
"CoStar Group","CSGP","YES","24370.74"
"CSG Systems International","CSGS","YES","1993.63"
"Canadian Solar","CSIQ","YES","1790.33"
"Carlisle Companies","CSL","YES","12511.16"
"Constellium","CSTM","YES","2739.07"
"CSW Industrials","CSWI","YES","1864.44"
"CSX","CSX","YES","75255.2"
"Cintas","CTAS","YES","39140.38"
"Catalent","CTLT","YES","18331.31"
"Custom Truck One Source","CTOS","YES","2050.16"
"Cabot Oil & Gas","CTRA","YES","18476.35"
"CareTrust REIT","CTRE","YES","1726.51"
"Cognizant Technology Solutions","CTSH","YES","46180.04"
"Corteva","CTVA","YES","37688.77"
"Citrix Systems","CTXS","YES","12881.32"
"CubeSmart","CUBE","YES","10881.46"
"Customers Bancorp","CUBI","YES","1993.36"
"Carnival","CUK","YES","3633.55"
"Cousins Properties","CUZ","YES","5788.42"
"CureVac","CVAC","YES","3134.54"
"CVB Financial","CVBF","YES","3202.37"
"Cavco Industries","CVCO","YES","2536.11"
"Cenovus Energy","CVE","YES","30522.61"
"Covetrus","CVET","YES","2498.01"
"CVR Energy","CVI","YES","1789.43"
"CommVault Systems","CVLT","YES","2818.4"
"Carvana","CVNA","YES","26362.2"
"CVS Health","CVS","YES","136894.84"
"Cvent","CVT","YES","3517"
"Chevron","CVX","YES","273397.56"
"CurtissWright","CW","YES","5317.44"
"Clearwater Analytics Holdings","CWAN","YES","4523.71"
"Clearway Energy","CWEN","YES","6645.06"
"Camping World","CWH","YES","2615.38"
"Cushman & Wakefield","CWK","YES","5166.61"
"Casella Waste Systems","CWST","YES","3874.36"
"California Water Service Group","CWT","YES","3006.34"
"Cemex","CX","YES","7560.13"
"Sprinklr","CXM","YES","2994.48"
"CyberArk Software","CYBR","YES","6209.21"
"Community Health Systems","CYH","YES","1403.08"
"CryoPort","CYRX","YES","1616.64"
"Cytokinetics","CYTK","YES","2937.58"
"Cyxtera Technologies","CYXT","YES","2028.26"
"Cazoo Group","CZOO","YES","3220.08"
"Caesars Entertainment","CZR","YES","18134.12"
"Dominion Energy","D","YES","64428.36"
"Danaos","DAC","YES","1940.43"
"Dada Nexus Limited","DADA","YES","2252.77"
"Delta Air Lines","DAL","YES","26582.69"
"Dana","DAN","YES","2837.51"
"Youdao","DAO","YES","1429.5"
"Darling Ingredients","DAR","YES","11431.75"
"DoorDash","DASH","YES","34422.32"
"Endava","DAVA","YES","7364.31"
"","DBC","YES","3520.5"
"DigitalBridge Group","DBRG","YES","3840.7"
"Dropbox","DBX","YES","8350.61"
"Docebo","DCBO","YES","1684.6"
"Donaldson","DCI","YES","6685.55"
"DCP Midstream Partners","DCP","YES","6643.11"
"Duck Creek Technologies","DCT","YES","2900.84"
"DuPont de Nemours","DD","YES","40042.69"
"3D Systems","DDD","YES","2227.6"
"Datadog","DDOG","YES","50362.57"
"Dillard's","DDS","YES","5167.94"
"Deere & Company","DE","YES","106448.03"
"Easterly Government Properties","DEA","YES","1774.44"
"Deckers Outdoor","DECK","YES","7833.23"
"Douglas Emmett","DEI","YES","5649.43"
"Dell Technologies","DELL","YES","39309.52"
"","DEM","YES","2136.62"
"Denbury","DEN","YES","3547.16"
"Diageo","DEO","YES","117686.62"
"Dream Finders Homes","DFH","YES","1785.66"
"Discover Financial Services","DFS","YES","35330.91"
"Dollar General","DG","YES","46107.28"
"Quest Diagnostics","DGX","YES","16215.15"
"Definitive Healthcare","DH","YES","2018.58"
"D.R. Horton","DHI","YES","30481.89"
"Danaher","DHR","YES","199762.22"
"","DIA","YES","29300.06"
"DiDi Global","DIDI","YES","19727.06"
"Dine Brands Global","DIN","YES","1447.78"
"Diodes","DIOD","YES","4006.03"
"Disney","DIS","YES","272239.31"
"Discovery","DISCA","YES","14285.65"
"Discovery Communications","DISCK","YES","14240.12"
"DISH Network","DISH","YES","17344.39"
"Delek Logistics Partners","DKL","YES","1793.99"
"DraftKings","DKNG","YES","9072.48"
"DICK'S Sporting Goods","DKS","YES","8942.93"
"Dolby Laboratories","DLB","YES","7724.96"
"DLocal Limited","DLO","YES","4424.73"
"Digital Realty Trust","DLR","YES","39134.29"
"Dollar Tree","DLTR","YES","31649.07"
"Soaring Eagle Acquisition","DNA","YES","6556.5"
"Dun & Bradstreet","DNB","YES","7817.46"
"Denali Therapeutics","DNLI","YES","4033.81"
"Krispy Kreme","DNUT","YES","2497.05"
"Physicians Realty Trust","DOC","YES","3731.7"
"DigitalOcean","DOCN","YES","6536.88"
"Doximity","DOCS","YES","11300.92"
"DocuSign","DOCU","YES","22769.65"
"Dole","DOLE","YES","1420.69"
"Domo","DOMO","YES","1438.11"
"BRP","DOOO","YES","5864.15"
"Masonite International","DOOR","YES","2141.72"
"Dorman Products","DORM","YES","2936.26"
"Dover","DOV","YES","22907.56"
"Dow","DOW","YES","43887.32"
"Amdocs","DOX","YES","10349.84"
"Domino's Pizza","DPZ","YES","15645.59"
"DAQO New Energy","DQ","YES","3155.2"
"Duke Realty","DRE","YES","20631.17"
"DiamondRock Hospitality","DRH","YES","2048.46"
"Darden Restaurants","DRI","YES","18530.15"
"Driven Brands Holdings","DRVN","YES","4855.69"
"Diversey Holdings","DSEY","YES","2975.92"
"The Descartes Systems Group","DSGX","YES","5964.13"
"Dynatrace","DT","YES","12489.9"
"DTE Energy","DTE","YES","23627.31"
"DT Midstream","DTM","YES","5048.47"
"Duke Energy","DUK","YES","77103.02"
"Duolingo","DUOL","YES","3296.06"
"DoubleVerify","DV","YES","4308.61"
"DaVita","DVA","YES","11035.98"
"Dynavax Technologies","DVAX","YES","1497"
"Devon Energy","DVN","YES","36663.84"
"","DVY","YES","20601.98"
"Digital World Acquisition Corp.","DWAC","YES","3329.6"
"DXC Technology","DXC","YES","8686.3"
"DexCom","DXCM","YES","39926.98"
"Dycom Industries","DY","YES","2733.16"
"Eni","E","YES","56319.39"
"Electronic Arts","EA","YES","36196.12"
"GrafTech International","EAF","YES","2653.62"
"Brinker International","EAT","YES","1910.63"
"Eventbrite","EB","YES","1456.52"
"eBay","EBAY","YES","35493.05"
"Eastern Bankshares","EBC","YES","4084.4"
"Emergent Biosolutions","EBS","YES","2132.58"
"Ecopetrol","EC","YES","32132.63"
"Ecolab","ECL","YES","51668.08"
"US Ecology","ECOL","YES","1496.52"
"Encore Capital Group","ECPG","YES","1639.66"
"Ecovyst Inc.","ECVT","YES","1425.42"
"Consolidated Edison","ED","YES","30430.53"
"Endeavor Group","EDR","YES","23640.4"
"New Oriental Education & Technology Group","EDU","YES","2392.72"
"Euronet Worldwide","EEFT","YES","6826.55"
"","EEM","YES","28040.67"
"","EFA","YES","54143.86"
"Enterprise Financial Services","EFSC","YES","1913.24"
"Equifax","EFX","YES","26682.81"
"Eagle Bancorp","EGBN","YES","1905.51"
"8x8","EGHT","YES","1474.41"
"Eldorado Gold","EGO","YES","2042.29"
"EastGroup Properties","EGP","YES","7987.96"
"Encompass Health","EHC","YES","6666.99"
"Edison International","EIX","YES","23687.28"
"The Estee Lauder Companies","EL","YES","107718.31"
"Elanco Animal Health","ELAN","YES","13185.26"
"Companhia Paranaense de Energia COPEL","ELP","YES","3623.2"
"Equity Lifestyle Properties","ELS","YES","14145.96"
"Callaway Golf","ELY","YES","4461.41"
"","EMB","YES","16718.37"
"EMCOR Group","EME","YES","6242.13"
"Eastman Chemical","EMN","YES","16240.39"
"Emerson Electric Co.","EMR","YES","55218.62"
"Enbridge","ENB","YES","86315.04"
"Enel Americas","ENIA","YES","9008.62"
"EnLink Midstream","ENLC","YES","4118.87"
"Enphase Energy","ENPH","YES","20589.92"
"Energizer","ENR","YES","2427.49"
"Enersys","ENS","YES","3041.38"
"The Ensign Group","ENSG","YES","4527.55"
"Enanta Pharmaceuticals","ENTA","YES","1446.14"
"Entegris","ENTG","YES","18069.83"
"Envestnet","ENV","YES","3982.47"
"Enova International","ENVA","YES","1499.1"
"Enovix Corporation","ENVX","YES","2302.14"
"EOG Resources","EOG","YES","62768.45"
"EPAM Systems","EPAM","YES","21691.26"
"Bottomline Technologies","EPAY","YES","2550.68"
"Edgewell Personal Care","EPC","YES","1961.31"
"Enterprise Products Partners","EPD","YES","51934.69"
"","EPP","YES","2274.45"
"EPR Properties","EPR","YES","3757.4"
"Essential Properties Realty Trust","EPRT","YES","3192.88"
"Equity Commonwealth","EQC","YES","3036.61"
"Equitable Holdings","EQH","YES","12890.47"
"Equinix","EQIX","YES","64932.68"
"Equinor","EQNR","YES","101510.09"
"Equity Residential","EQR","YES","32802.54"
"EQRx, Inc.","EQRX","YES","1477.53"
"EQT","EQT","YES","8558.29"
"Equinox Gold","EQX","YES","2087.91"
"Enerplus","ERF","YES","2978.2"
"Erie Indemnity","ERIE","YES","8199.47"
"Eversource Energy","ES","YES","28178.63"
"ESCO Technologies","ESE","YES","1817.67"
"Enstar Group Limited","ESGR","YES","5261.83"
"Element Solutions","ESI","YES","6142.05"
"EngageSmart","ESMT","YES","3461.82"
"Essent Group","ESNT","YES","4830.97"
"Empire State Realty Trust","ESRT","YES","1664.76"
"Essex Property Trust","ESS","YES","21128.81"
"Establishment Labs","ESTA","YES","1410.45"
"Elastic","ESTC","YES","7910.15"
"Energy Transfer","ET","YES","31145.39"
"Eaton","ETN","YES","61463.05"
"Entergy","ETR","YES","21219.61"
"Equitrans Midstream","ETRN","YES","2808.07"
"Etsy","ETSY","YES","18882.72"
"E2open","ETWO","YES","2603.75"
"Euronav","EURN","YES","2216.46"
"ENVIVA INC","EVA","YES","4279.14"
"EVgo","EVGO","YES","2544.84"
"Evolent Health","EVH","YES","2272.81"
"EVO Payments","EVOP","YES","2054.26"
"Evercore","EVR","YES","4988.61"
"Evergy","EVRG","YES","14342.88"
"Everi","EVRI","YES","2176.21"
"Evertec","EVTC","YES","2983.87"
"Vertical Aerospace","EVTL","YES","1484.82"
"Edwards Lifesciences","EW","YES","70568.53"
"","EWA","YES","1438.67"
"East West Bancorp","EWBC","YES","12568.75"
"","EWG","YES","2265.02"
"","EWJ","YES","11010.04"
"","EWL","YES","1684.11"
"","EWU","YES","3401.47"
"","EWY","YES","4708.37"
"","EWZ","YES","5568.96"
"Exact Sciences","EXAS","YES","13636.81"
"Exelon","EXC","YES","41655.67"
"Exelixis","EXEL","YES","6446.46"
"EXL Service","EXLS","YES","3981.34"
"Eagle Materials","EXP","YES","5424.48"
"Expeditors International of Washington","EXPD","YES","17846.69"
"Expedia Group","EXPE","YES","31139.96"
"eXp World Holdings","EXPI","YES","3917.11"
"Exponent","EXPO","YES","4815.1"
"Extra Space Storage","EXR","YES","25999.11"
"Extreme Networks","EXTR","YES","1550.56"
"National Vision","EYE","YES","3163.31"
"","EZU","YES","7026.92"
"Ford Motor","F","YES","71395.73"
"First American Financial","FAF","YES","7357.28"
"Diamondback Energy","FANG","YES","23644.1"
"","FAS","YES","3169.07"
"Fastenal","FAST","YES","29514.21"
"Fate Therapeutics","FATE","YES","3335.61"
"Meta Platforms","FB","YES","572914.31"
"Flagstar Bancorp","FBC","YES","2400.54"
"Fortune Brands Home & Security","FBHS","YES","11941.91"
"FB Financial","FBK","YES","2099.32"
"First Bancorp","FBNC","YES","1595.02"
"First BanCorp.","FBP","YES","2907.81"
"FuelCell Energy","FCEL","YES","1936.11"
"First Commonwealth Financial","FCF","YES","1556.12"
"FIRSTCASH HLDGS","FCFS","YES","2929.81"
"FTI Consulting","FCN","YES","4999.92"
"First Citizens BancShares","FCNCA","YES","7676.33"
"Four Corners Property Trust","FCPT","YES","2147.32"
"FreeportMcMoRan","FCX","YES","67414.55"
"","FDN","YES","7155.07"
"FactSet Research Systems","FDS","YES","15373.24"
"FedEx","FDX","YES","58484.03"
"FirstEnergy","FE","YES","23589.44"
"Franklin Electric Co.","FELE","YES","3966.11"
"First Financial Ban","FFBC","YES","2357.5"
"First Financial Bankshares","FFIN","YES","6842.24"
"F5","FFIV","YES","12289.76"
"First Hawaiian","FHB","YES","3751.22"
"Federated Hermes","FHI","YES","3210.67"
"First Horizon","FHN","YES","10025.33"
"First Interstate BancSystem","FIBK","YES","2476.18"
"Fair Isaac","FICO","YES","12440.51"
"FIGS","FIGS","YES","2695.41"
"Fidelity National Information Services","FIS","YES","59093.72"
"Fiserv","FISV","YES","64735.74"
"Fifth Third Bancorp","FITB","YES","32881.89"
"Five Below","FIVE","YES","9331.59"
"Five9","FIVN","YES","7239.13"
"Comfort Systems USA","FIX","YES","3095.17"
"National Beverage","FIZZ","YES","4045.52"
"Foot Locker","FL","YES","2917.71"
"Flex","FLEX","YES","7778.09"
"Fullgent Genetics","FLGT","YES","1858.8"
"Fluence Energy","FLNC","YES","2067.79"
"Flowers Foods","FLO","YES","5882.83"
"SPX Flow","FLOW","YES","3610.27"
"Fluor","FLR","YES","3097.42"
"Flowserve","FLS","YES","3892.5"
"FleetCor Technologies","FLT","YES","19316.34"
"Flywire Corporation","FLYW","YES","2851.52"
"FMC","FMC","YES","14952.87"
"Fresenius Medical Care AG & Co.","FMS","YES","19161.82"
"Fomento Economico Mexicano","FMX","YES","28600.76"
"Fabrinet","FN","YES","3740.23"
"F.N.B.","FNB","YES","4273.63"
"Floor & Decor","FND","YES","10436.67"
"Fidelity National Financial","FNF","YES","13575.01"
"FrancoNevada","FNV","YES","28151.03"
"Focus Financial Partners","FOCS","YES","3947.38"
"Ferro","FOE","YES","1798.82"
"Amicus Therapeutics","FOLD","YES","2310.24"
"FormFactor","FORM","YES","3228.13"
"Shift4 Payments","FOUR","YES","4339.15"
"Fox","FOX","YES","21519.77"
"Fox","FOXA","YES","23512.44"
"Fox Factory Holdings","FOXF","YES","5195.73"
"First Industrial Realty Trust","FR","YES","7711.83"
"First Republic Bank","FRC","YES","30211.96"
"Franchise Group","FRG","YES","1825.11"
"Freedom Holding","FRHC","YES","3642.33"
"First Merchants","FRME","YES","2361.03"
"Frontline","FRO","YES","1791.09"
"JFrog","FROG","YES","2236.84"
"Freshpet","FRPT","YES","4056.58"
"Freshwork","FRSH","YES","4728.39"
"Federal Realty Investment Trust","FRT","YES","9461.53"
"Forterra","FRTA","YES","1576.55"
"FS KKR Capital Corp.","FSK","YES","6226.5"
"First Solar","FSLR","YES","7515.17"
"Fastly","FSLY","YES","2196.07"
"Fisker","FSR","YES","3542.84"
"Federal Signal","FSS","YES","2205.92"
"FirstService","FSV","YES","6369.81"
"Fortress Transportation and Infrastructure Investo","FTAI","YES","2171.01"
"Farfetch Limited","FTCH","YES","7410.08"
"Frontdoor","FTDR","YES","2587.05"
"TechnipFMC","FTI","YES","3064.76"
"Fortinet","FTNT","YES","53132.53"
"Fortis","FTS","YES","21758.2"
"Fortive","FTV","YES","23483.25"
"H. B. Fuller","FUL","YES","3691.64"
"Fulton Financial","FULT","YES","2934.12"
"Cedar Fair","FUN","YES","3245.31"
"Futu Holdings","FUTU","YES","6024.86"
"Fiverr International","FVRR","YES","2755.25"
"Liberty Media","FWONA","YES","13297.69"
"Liberty Media","FWONK","YES","14497.12"
"Forward Air","FWRD","YES","2789.37"
"","FXI","YES","5594.7"
"Frontier Communications Parent","FYBR","YES","6782.32"
"Genpact","G","YES","8054.63"
"GATX","GATX","YES","3771.87"
"Glacier Bancorp","GBCI","YES","6083.48"
"Golub Capital BDC","GBDC","YES","2692.84"
"Global Blood Therapeutics","GBT","YES","1934.27"
"The Greenbrier Companies","GBX","YES","1433.98"
"GCM Grosvenor","GCMG","YES","1920.37"
"GCP Applied Technologies","GCP","YES","2325.28"
"General Dynamics","GD","YES","63309.57"
"GoDaddy","GDDY","YES","13951.7"
"Golden Entertainment","GDEN","YES","1495.84"
"Green Dot","GDOT","YES","1464.97"
"GoodRx","GDRX","YES","10486.58"
"GDS Holdings","GDS","YES","8187.98"
"General Electric","GE","YES","105941.66"
"Greif","GEF","YES","2835.82"
"Guess","GES","YES","1467.78"
"Gold Fields Limited","GFI","YES","11726.75"
"GFL Environmental","GFL","YES","9745.2"
"GlobalFoundries","GFS","YES","30331.16"
"Grupo Financiero Galicia","GGAL","YES","1458.47"
"Graco","GGG","YES","12287.42"
"Guardant Health","GH","YES","6744.54"
"CGI Group","GIB","YES","20067.61"
"Gildan Activewear","GIL","YES","7428.75"
"Gilead Sciences","GILD","YES","76637.55"
"General Mills","GIS","YES","41012.02"
"Glaukos","GKOS","YES","2571.93"
"Globe Life","GL","YES","10287.48"
"Globale Online","GLBE","YES","5578.53"
"","GLD","YES","62569.32"
"Golar LNG Limited","GLNG","YES","1869.04"
"Globant","GLOB","YES","10979.09"
"Galapagos","GLPG","YES","4309.44"
"Gaming and Leisure Properties","GLPI","YES","10716.27"
"Corning","GLW","YES","34764.41"
"General Motors","GM","YES","68916.8"
"Genmab","GMAB","YES","21581.94"
"GameStop","GME","YES","9053.68"
"Globus Medical","GMED","YES","7078.6"
"GMS","GMS","YES","2308.23"
"Global Net Lease","GNL","YES","1496.05"
"Generac Holdings","GNRC","YES","20191.35"
"Gentex","GNTX","YES","7144.65"
"Genworth Financial","GNW","YES","2054.91"
"Grocery Outlet","GO","YES","2676"
"Golden Ocean Group","GOGL","YES","1834.59"
"Gogo","GOGO","YES","1548.15"
"Barrick Gold","GOLD","YES","40141.71"
"Acushnet","GOLF","YES","3219.83"
"Alphabet","GOOG","YES","1778270.5"
"Alphabet","GOOGL","YES","1777477.38"
"Canada Goose","GOOS","YES","2856.54"
"Genuine Parts","GPC","YES","17526.78"
"Group 1 Automotive","GPI","YES","3145.85"
"Graphic Packaging Holding Company","GPK","YES","6224.99"
"Global Payments","GPN","YES","38795.97"
"Green Plains","GPRE","YES","1611.17"
"The Gap","GPS","YES","5507.7"
"Grab","GRAB","YES","21698.32"
"Grifols","GRFS","YES","7891.42"
"Garmin","GRMN","YES","21559.38"
"Grubhub","GRUB","YES","8068.98"
"The Goldman Sachs Group","GS","YES","117217.73"
"Globalstar","GSAT","YES","2133.67"
"Goldman Sachs BDC","GSBD","YES","2015.29"
"","GSG","YES","1958.26"
"Goosehead Insurance","GSHD","YES","3284.11"
"GlaxoSmithKline","GSK","YES","108483.82"
"GreenSky","GSKY","YES","1875.49"
"Ferroglobe","GSM","YES","1500.7"
"Goodyear","GT","YES","4371.11"
"Gitlab","GTLB","YES","8234.78"
"Chart Industries","GTLS","YES","4742.4"
"Gray Television","GTN","YES","2123.44"
"Granite Construction","GVA","YES","1485.24"
"Guidewire Software","GWRE","YES","7327.78"
"W.W. Grainger","GWW","YES","24363.65"
"GXO Logistics","GXO","YES","9679.66"
"Hyatt Hotels","H","YES","10885.47"
"Haemonetics","HAE","YES","2923.07"
"The Hain Celestial Group","HAIN","YES","3303.31"
"Halliburton","HAL","YES","29230.53"
"Halozyme Therapeutics","HALO","YES","5002.16"
"Hasbro","HAS","YES","13438.8"
"Hannon Armstrong Sustainable Infrastructure Capita","HASI","YES","3660.42"
"Hayward Holdings","HAYW","YES","4126.34"
"Huntington Bancshares","HBAN","YES","22391.03"
"Hanesbrands","HBI","YES","5389.2"
"HudBay Minerals","HBM","YES","2043.11"
"HCA Healthcare","HCA","YES","76898.84"
"Health Catalyst","HCAT","YES","1416.42"
"Warrior Met Coal","HCC","YES","1622.33"
"Hutchison China MediTech Limited","HCM","YES","4668.47"
"HashiCorp, Inc.","HCP","YES","9105.38"
"Home Depot","HD","YES","330658.31"
"HDFC Bank Limited","HDB","YES","122236.63"
"Hawaiian Electric Industries","HE","YES","4502.52"
"H&E Equipment Services","HEES","YES","1490.27"
"Heico","HEI","YES","19518.01"
"Heico","HEI.A","YES","16201.99"
"Helen of Troy","HELE","YES","4982.61"
"Hess","HES","YES","30204.56"
"HollyFrontier","HFC","YES","4860.71"
"Hilton Grand Vacations","HGV","YES","6217.98"
"The Howard Hughes Corporation","HHC","YES","5286.78"
"Hillenbrand","HI","YES","3434.63"
"The Hartford Financial Services Group","HIG","YES","23460.7"
"Huntington Ingalls Industries","HII","YES","7992.21"
"Himax Technologies","HIMX","YES","2022.92"
"Highwoods Properties","HIW","YES","4598.5"
"Hecla Mining","HL","YES","3160.13"
"Herbalife","HLF","YES","4021.03"
"Houlihan Lokey","HLI","YES","6936.21"
"Helios Technologies","HLIO","YES","2478.68"
"Holley","HLLY","YES","1514.74"
"Hillman Solutions Corp.","HLMN","YES","1744.16"
"Hamilton Lane","HLNE","YES","4198.07"
"Hilton Worldwide","HLT","YES","42057.88"
"Honda Motor Co.","HMC","YES","53611.24"
"Houghton Mifflin Harcourt","HMHC","YES","2672.07"
"Horace Mann Educators","HMN","YES","1725.88"
"Harmony Gold","HMY","YES","2447.61"
"HNI","HNI","YES","1799.44"
"Huaneng Power International","HNP","YES","9022.48"
"HarleyDavidson","HOG","YES","6283.07"
"Hologic","HOLX","YES","18096.35"
"Home BancShares","HOMB","YES","3870.03"
"Honeywell International","HON","YES","129317.98"
"Robinhood Markets","HOOD","YES","9981.19"
"Hope Bancorp","HOPE","YES","2020.56"
"Helmerich & Payne","HP","YES","3611.42"
"Hewlett Packard","HPE","YES","20830.35"
"Hudson Pacific Properties","HPP","YES","3909.55"
"HP","HPQ","YES","36288.45"
"HealthEquity","HQY","YES","4451.77"
"Healthcare Realty Trust","HR","YES","4423.64"
"H&R Block","HRB","YES","4029.54"
"Herc Holdings","HRI","YES","4683.1"
"Hormel Foods","HRL","YES","26292.94"
"Harmony Biosciences","HRMY","YES","2217.82"
"HSBC","HSBC","YES","149530.47"
"Henry Schein","HSIC","YES","11977.93"
"Heska","HSKA","YES","1529.15"
"Host Hotels & Resorts","HST","YES","13390.31"
"Hershey","HSY","YES","41935.02"
"Healthcare Trust of America","HTA","YES","6854.81"
"Hercules Capital","HTGC","YES","2071.12"
"Hilltop Holdings","HTH","YES","2454.27"
"China Lodging Group","HTHT","YES","13563.31"
"Heartland Financial USA","HTLF","YES","2106.72"
"Hertz Global","HTZ","YES","8933.61"
"Hubbell","HUBB","YES","9827.91"
"Hub Group","HUBG","YES","2843.15"
"HubSpot","HUBS","YES","24517.03"
"Humana","HUM","YES","54789.29"
"Huntsman","HUN","YES","8688.31"
"Hancock Whitney","HWC","YES","4831.89"
"Howmet Aerospace","HWM","YES","15273.04"
"Hexcel","HXL","YES","4785.65"
"","HYG","YES","16671.83"
"Horizon Therapeutics","HZNP","YES","21323.44"
"IAA","IAA","YES","4951.55"
"IACInterActiveCorp","IAC","YES","9458.47"
"Iamgold","IAG","YES","1464.35"
"Integra LifeSciences","IART","YES","5608.08"
"","IAU","YES","30294.5"
"","IBB","YES","8152.02"
"Interactive Brokers","IBKR","YES","28653.59"
"International Business Machines","IBM","YES","111305.02"
"ICICI Bank","IBN","YES","68471.04"
"International Bancshares","IBOC","YES","2720.73"
"Installed Building Products","IBP","YES","2759.26"
"ImmunityBio","IBRX","YES","2735.45"
"Independent Bank Group","IBTX","YES","3296.66"
"Intercontinental Exchange","ICE","YES","72181.16"
"","ICF","YES","2685.04"
"ICF International","ICFI","YES","1680.84"
"ICON","ICLR","YES","19386.28"
"ICU Medical","ICUI","YES","4862.7"
"IDACORP","IDA","YES","5278.22"
"InterDigital","IDCC","YES","1985.03"
"","IDV","YES","4800.54"
"IDEXX Laboratories","IDXX","YES","44015.93"
"","IEF","YES","16695.52"
"Icahn Enterprises","IEP","YES","15075.35"
"IDEX","IEX","YES","14652.29"
"International Flavors & Fragrances","IFF","YES","35524.58"
"","IGIB","YES","11087.98"
"","IGSB","YES","22457.57"
"International Game Technology","IGT","YES","6211.25"
"iHeartMedia","IHRT","YES","2931.25"
"Innovative Industrial Properties","IIPR","YES","4881.77"
"IIVI","IIVI","YES","7514.63"
"","IJH","YES","64875.54"
"","IJJ","YES","7822.95"
"","IJK","YES","7518.18"
"","IJR","YES","70691.38"
"","IJS","YES","8909.25"
"","IJT","YES","5636.34"
"Illumina","ILMN","YES","51729.93"
"Industrial Logistics Properties Trust","ILPT","YES","1472.26"
"IMab","IMAB","YES","1994.92"
"Ingles Markets","IMKTA","YES","1575.77"
"Imperial Oil","IMO","YES","29341.95"
"Incyte","INCY","YES","15143.07"
"Independent Bank","INDB","YES","2839.51"
"Infinera","INFN","YES","1951.47"
"IHS Markit","INFO","YES","43344.12"
"Infosys","INFY","YES","95726.16"
"ING Group","ING","YES","50162.6"
"Ingredion","INGR","YES","6028.16"
"InMode","INMD","YES","3638.47"
"Insmed","INSM","YES","2781.18"
"Inspire Medical Systems","INSP","YES","6578.44"
"World Fuel Services","INT","YES","1721.37"
"Intel","INTC","YES","194275.11"
"Intuit","INTU","YES","137953.25"
"Invitation Home","INVH","YES","23297.85"
"IonQ","IONQ","YES","2906.55"
"Ionis Pharmaceuticals","IONS","YES","4487.65"
"Innospec","IOSP","YES","2401.07"
"Samsara Inc.","IOT","YES","8511.32"
"Iovance Biotherapeutics","IOVA","YES","2443.97"
"International Paper","IP","YES","17094.47"
"Inter Parfums","IPAR","YES","2998.53"
"The Interpublic Group of Companies","IPG","YES","14765.62"
"IPG Photonics","IPGP","YES","7308.81"
"Social Capital Hedosophia Holdings Corp. VI","IPOF","YES","1476.31"
"iQIYI","IQ","YES","3166.32"
"IQVIA","IQV","YES","44571.65"
"Ingersoll Rand","IR","YES","20962.08"
"iRobot","IRBT","YES","1686.6"
"Iridium Communications","IRDM","YES","5021.97"
"Iron Mountain","IRM","YES","14092.37"
"Independence Realty Trust","IRT","YES","2665.64"
"iRhythm Technologies","IRTC","YES","3860.09"
"Ironwood Pharmaceuticals","IRWD","YES","1757.81"
"ironSource","IS","YES","6075.7"
"Investors Bancorp","ISBC","YES","4189.39"
"IVERIC bio","ISEE","YES","1798.83"
"Intuitive Surgical","ISRG","YES","104852.6"
"Gartner","IT","YES","23564.77"
"IntraCellular Therapies","ITCI","YES","4503.29"
"Integer Holdings","ITGR","YES","2835.99"
"Itron","ITRI","YES","2476.39"
"ITT","ITT","YES","7550.76"
"Itau Unibanco","ITUB","YES","47726"
"Illinois Tool Works","ITW","YES","68352.63"
"InvenTrust Properties","IVT","YES","1720.65"
"","IVV","YES","318563.38"
"Invesco","IVZ","YES","10039.76"
"","IWD","YES","56769.51"
"","IWF","YES","68135.04"
"","IWM","YES","60831"
"","IWN","YES","14792.69"
"","IWO","YES","10386.96"
"","IWP","YES","13613.83"
"","IWR","YES","29200.06"
"","IWS","YES","14797.97"
"","IYE","YES","3021.51"
"","IYR","YES","6612.43"
"","IYW","YES","8155.82"
"Jacobs Engineering Group","J","YES","15919.5"
"Jack In The Box","JACK","YES","1833.31"
"Jamf","JAMF","YES","3977.3"
"Jazz Pharmaceuticals","JAZZ","YES","8556.57"
"JBG SMITH Properties","JBGS","YES","3438.83"
"J.B. Hunt Transport Services","JBHT","YES","20592.17"
"Janus International Group","JBI","YES","1404.06"
"Jabil","JBL","YES","8517.23"
"JetBlue Airways","JBLU","YES","4969.37"
"John Bean Technologies","JBT","YES","3524.67"
"Johnson Controls International","JCI","YES","45984.19"
"JD.com","JD","YES","96922.33"
"Jefferies Financial Group","JEF","YES","8711.66"
"Jeld-Wen","JELD","YES","2081.85"
"Janus Henderson Group","JHG","YES","5927.81"
"J & J Snack Foods","JJSF","YES","3135.51"
"Jack Henry & Associates","JKHY","YES","12820.85"
"JinkoSolar","JKS","YES","2078.85"
"Jones Lang LaSalle","JLL","YES","12309.75"
"Johnson & Johnson","JNJ","YES","436458.53"
"","JNK","YES","7282.55"
"Juniper Networks","JNPR","YES","11077.07"
"51job","JOBS","YES","3449.41"
"Joby Aviation, Inc.","JOBY","YES","2898.69"
"The St. Joe Company","JOE","YES","3150.22"
"JPMorgan Chase & Co.","JPM","YES","436927.13"
"John Wiley & Sons","JW.A","YES","2836.16"
"Nordstrom","JWN","YES","3326.46"
"Jackson Financial","JXN","YES","3891.93"
"Kellogg's","K","YES","22441.21"
"Kadant","KAI","YES","2209.76"
"Kaiser Aluminum","KALU","YES","1549.31"
"KAR Auction Services","KAR","YES","2295.17"
"KB Financial Group","KB","YES","20989.99"
"KB Home","KBH","YES","3380.62"
"KBR","KBR","YES","6804.84"
"Kingsoft Cloud","KC","YES","1689.27"
"Kyndryl Holdings, Inc.","KD","YES","3545.83"
"Keurig Dr Pepper","KDP","YES","54315.46"
"Kirby","KEX","YES","3888.99"
"KeyCorp","KEY","YES","23472.35"
"Keysight Technologies","KEYS","YES","29283.13"
"Kforce","KFRC","YES","1615.17"
"KornFerry International","KFY","YES","3620.18"
"Kinross Gold","KGC","YES","6881.18"
"Kraft Heinz","KHC","YES","48619.2"
"Kimco Realty","KIM","YES","15053.17"
"KKR & Co.","KKR","YES","35691.41"
"KLA","KLAC","YES","53903.34"
"Kulicke and Soffa Industries","KLIC","YES","3343.66"
"KimberlyClark","KMB","YES","44419.09"
"Kinder Morgan","KMI","YES","38705.96"
"Kemper","KMPR","YES","3405.43"
"Kennametal","KMT","YES","2658.9"
"CarMax","KMX","YES","17356.33"
"Knowles","KN","YES","2003.36"
"KnowBe4","KNBE","YES","3311.71"
"Kinsale Capital Group","KNSL","YES","4814.09"
"KnightSwift Transportation","KNX","YES","9018.11"
"Coca-Cola","KO","YES","272484.47"
"Coca Cola Femsa","KOF","YES","93226.54"
"Kosmos Energy","KOS","YES","2033.5"
"The Kroger Co.","KR","YES","34159.97"
"Kraton","KRA","YES","1487.11"
"Kilroy Realty","KRC","YES","8318.35"
"Kite Realty Group Trust","KRG","YES","4941.04"
"Kornit Digital","KRNT","YES","4295.86"
"Kronos Worldwide","KRO","YES","1703.21"
"Karuna Therapeutics","KRTX","YES","2973.38"
"Kohl's","KSS","YES","7915.31"
"Kontoor Brands","KTB","YES","2847.53"
"Kratos Defense & Security Solutions","KTOS","YES","2328.33"
"Kennedy-Wilson","KW","YES","3172.9"
"Quaker Houghton","KWR","YES","3390.11"
"Kymera Therapeutics","KYMR","YES","2071.76"
"Loews","L","YES","15346.36"
"Lithium Americas","LAC","YES","3852.53"
"Lithia Motors","LAD","YES","9672.62"
"Ladder Capital Corp","LADR","YES","1461.98"
"Lamar Advertising","LAMR","YES","11398.56"
"Lancaster Colony","LANC","YES","4628.36"
"Laureate Education","LAUR","YES","2056.36"
"CS Disco","LAW","YES","2000.16"
"Luminar Technologies","LAZR","YES","5065.38"
"Liberty Broadband","LBRDA","YES","25632.39"
"Liberty Broadband","LBRDK","YES","26006.74"
"Liberty Oilfield Services","LBRT","YES","2140.43"
"Liberty Global","LBTYA","YES","13683.53"
"Liberty Global","LBTYK","YES","13714.9"
"LendingClub","LC","YES","1897.6"
"Lucid Group","LCID","YES","43381.77"
"LCI Industries","LCII","YES","3118.38"
"Leidos","LDOS","YES","13650.11"
"Lear","LEA","YES","9963.24"
"Lincoln Electric","LECO","YES","7486.59"
"Leggett & Platt","LEG","YES","4990.09"
"Legend Biotech","LEGN","YES","5914.63"
"Lennar","LEN","YES","27147.25"
"Leslies","LESL","YES","3771.26"
"Lion Electric","LEV","YES","1517.64"
"Levi Strauss & Co.","LEVI","YES","9126.92"
"China Life","LFC","YES","47880.4"
"Archaea Energy","LFG","YES","2074.12"
"LifeStance Health Group","LFST","YES","3603.05"
"Littelfuse","LFUS","YES","6485.21"
"Lions Gate Entertainment","LGF.A","YES","3457.64"
"Lions Gate Entertainment","LGF.B","YES","3207.94"
"LGI Homes","LGIH","YES","2991.34"
"Ligand Pharmaceuticals","LGND","YES","1688.71"
"Laboratory Corp. of America","LH","YES","26473.49"
"LHC Group","LHCG","YES","4275.88"
"L3Harris Technologies","LHX","YES","45820.61"
"Li Auto","LI","YES","28612.99"
"Lennox International","LII","YES","9686.06"
"Liberty Latin America","LILA","YES","2436.64"
"Liberty Global","LILAK","YES","2406.5"
"Linde","LIN","YES","152479.91"
"Lumentum","LITE","YES","7321.8"
"LivaNova","LIVN","YES","4326.17"
"Lakeland Financial","LKFN","YES","2038.18"
"LKQ","LKQ","YES","14000.32"
"Eli Lilly","LLY","YES","238896.28"
"Lemonade","LMND","YES","1447.01"
"Lockheed Martin","LMT","YES","111515.14"
"Lincoln National","LNC","YES","11921.79"
"Cheniere Energy","LNG","YES","32776.3"
"Lindsay","LNN","YES","1447.92"
"Alliant Energy","LNT","YES","14482.42"
"Lantheus","LNTH","YES","3159.34"
"Live Oak Bancshares","LOB","YES","2757.42"
"Grand Canyon Education","LOPE","YES","3194.24"
"Lowe's Companies","LOW","YES","147671.91"
"LG Display Co.","LPL","YES","5703.58"
"LPL Financial","LPLA","YES","14612.8"
"Open Lending","LPRO","YES","2488.47"
"LouisianaPacific","LPX","YES","5973.07"
"","LQD","YES","33648.3"
"Lam Research","LRCX","YES","79961.48"
"Stride","LRN","YES","1485.59"
"Lattice Semiconductor","LSCC","YES","8649.68"
"Life Storage","LSI","YES","10676.88"
"Lightspeed POS","LSPD","YES","3904.48"
"Landstar System","LSTR","YES","5866.08"
"Liberty Media","LSXMA","YES","16880.53"
"Liberty Media","LSXMK","YES","11430.99"
"Livent","LTHM","YES","3730.77"
"Lufax","LU","YES","16251.19"
"lululemon athletica","LULU","YES","41061.16"
"Lumen Technologies","LUMN","YES","10325.83"
"Southwest Airlines","LUV","YES","26719.27"
"Las Vegas Sands","LVS","YES","34012.82"
"Lamb Weston","LW","YES","9850.61"
"LXP INDUSTRL TR","LXP","YES","4426.09"
"Lsb Industries","LXU","YES","1424.07"
"LyondellBasell Industries","LYB","YES","32144.94"
"Lyell Immunopharma","LYEL","YES","1656.64"
"Lyft","LYFT","YES","13155.44"
"Lloyds Banking Group","LYG","YES","46519.8"
"Live Nation Entertainment","LYV","YES","28311.84"
"LegalZoom.com","LZ","YES","2985.29"
"Macy's","M","YES","7888.74"
"Mastercard","MA","YES","360776.78"
"MidAmerica Apartment Communities","MAA","YES","24211.23"
"The Macerich Company","MAC","YES","3312.74"
"MAG Silver","MAG","YES","1650.05"
"Main Street Capital","MAIN","YES","2996.95"
"ManpowerGroup","MAN","YES","5852.29"
"Manhattan Associates","MANH","YES","8470.34"
"ManTech International","MANT","YES","3233.87"
"Marriott International","MAR","YES","56898.86"
"Marathon Digital","MARA","YES","2367.69"
"Masco","MAS","YES","13587.02"
"Masimo","MASI","YES","8482.42"
"Mattel","MAT","YES","8909.18"
"Matson","MATX","YES","4582.75"
"Maxar Technologies","MAXR","YES","2091.05"
"","MBB","YES","24152.23"
"Mobile TeleSystems PJSC","MBT","YES","5495.55"
"Malibu Boats","MBUU","YES","1442.76"
"Moelis & Company","MC","YES","3225.34"
"McDonald's","MCD","YES","186400.38"
"McAfee","MCFE","YES","11360.84"
"Microchip Technology","MCHP","YES","40114.73"
"McKesson","MCK","YES","41251.48"
"Moody's","MCO","YES","59949.24"
"Monarch Casino & Resort","MCRI","YES","1476.61"
"Mister Car Wash","MCW","YES","4727.73"
"Mercury General","MCY","YES","3025.46"
"MEDNAX","MD","YES","2089.18"
"MongoDB","MDB","YES","25095.16"
"M.D.C.","MDC","YES","3096.68"
"Madrigal Pharmaceuticals","MDGL","YES","1599.68"
"Mondelez International","MDLZ","YES","93128.34"
"Allscripts Healthcare Solutions","MDRX","YES","2387.71"
"Medtronic","MDT","YES","142308"
"MDU Resources Group","MDU","YES","5512.84"
"23andMe","ME","YES","1891.35"
"MEDIFAST","MED","YES","2055.28"
"Medpace","MEDP","YES","5399.15"
"Methode Electronics","MEI","YES","1717.35"
"MercadoLibre","MELI","YES","56035.15"
"Methanex","MEOH","YES","3703.63"
"MetLife","MET","YES","56567.36"
"MFA Financial","MFA","YES","1729.96"
"Manulife Financial Corp","MFC","YES","39611.78"
"Mizuho Financial Group","MFG","YES","34996.8"
"Micro Focus International","MFGP","YES","1785.86"
"Magna International","MGA","YES","22679.97"
"MGE Energy","MGEE","YES","2645.35"
"MGM Resorts International","MGM","YES","21159.47"
"Magnite","MGNI","YES","1871.66"
"MGM Growth Properties","MGP","YES","5972.19"
"MGP Ingredients","MGPI","YES","1727.05"
"McGrath RentCorp","MGRC","YES","1971.16"
"Magnolia Oil & Gas Corp","MGY","YES","4749.21"
"Mohawk Industries","MHK","YES","9387.8"
"MI Homes","MHO","YES","1418.9"
"The Middleby","MIDD","YES","9827.5"
"Mimecast Limited","MIME","YES","5327.71"
"Mirion Technologies","MIR","YES","1799.93"
"McCormick & Company","MKC","YES","25739.28"
"Markel","MKL","YES","17083.81"
"MKS Instruments","MKSI","YES","8388.16"
"MarketWise","MKTW","YES","1701.4"
"MarketAxess","MKTX","YES","14351.73"
"Melco Resorts & Entertainment Limited","MLCO","YES","4915.19"
"Mueller Industries","MLI","YES","3294.28"
"MillerKnoll","MLKN","YES","2943.42"
"Martin Marietta Materials","MLM","YES","24066.22"
"Marsh & McLennan Companies","MMC","YES","78180.05"
"Marcus & Millichap","MMI","YES","1979.02"
"3M","MMM","YES","85956.27"
"Magellan Midstream Partners","MMP","YES","9935.76"
"Maximus","MMS","YES","4841.07"
"Merit Medical Systems","MMSI","YES","3644.39"
"MakeMyTrip Limited","MMYT","YES","2817.32"
"Mandiant","MNDT","YES","4631.76"
"monday.com","MNDY","YES","6853.95"
"Monmouth Real Estate Investment","MNR","YES","2066.24"
"Monro Muffler Brake","MNRO","YES","1577.33"
"MINISO Group Holding Limited","MNSO","YES","2653.71"
"Monster Beverage","MNST","YES","44749.29"
"Momentive Global","MNTV","YES","2468.37"
"Altria Group","MO","YES","94568.18"
"ModivCare","MODV","YES","1596.11"
"Moog","MOG.A","YES","2596.35"
"Molina Healthcare","MOH","YES","18591.06"
"Momo","MOMO","YES","1945.88"
"Morphic","MORF","YES","1511.36"
"Morningstar","MORN","YES","12135.69"
"The Mosaic Company","MOS","YES","18769.02"
"MP Materials","MP","YES","8327.47"
"Marathon Petroleum","MPC","YES","47117.08"
"MultiPlan","MPLN","YES","2502.04"
"MPLX LP","MPLX","YES","32299.08"
"Medical Properties Trust","MPW","YES","12391.12"
"Monolithic Power Systems","MPWR","YES","21269.15"
"Marqeta","MQ","YES","6000.93"
"Mercury Systems","MRCY","YES","3228.72"
"Merck & Co.","MRK","YES","192780.05"
"Moderna","MRNA","YES","61356.68"
"Marathon Oil","MRO","YES","15989.14"
"Marten Transport","MRTN","YES","1417.49"
"Mirati Therapeutics","MRTX","YES","4587.83"
"Maravai LifeSciences","MRVI","YES","9563.19"
"Marvell Technology","MRVL","YES","58011.25"
"Morgan Stanley","MS","YES","169661.64"
"MSA Safety Incorporporated","MSA","YES","5420.61"
"MSCI","MSCI","YES","41707.65"
"Middlesex Water Company","MSEX","YES","1720.13"
"Microsoft","MSFT","YES","2228893.25"
"Madison Square Garden Entertainment","MSGE","YES","2690.09"
"The Madison Square Garden Company","MSGS","YES","4194.36"
"Motorola Solutions","MSI","YES","37443.34"
"MSC","MSM","YES","4335.5"
"Datto","MSP","YES","3824.46"
"MicroStrategy","MSTR","YES","4570.6"
"ArcelorMittal","MT","YES","29681.68"
"M&T Bank","MTB","YES","23617.18"
"Match Group","MTCH","YES","32050.92"
"MettlerToledo International","MTD","YES","33011.59"
"Matador Resources","MTDR","YES","5359.89"
"MGIC Investment","MTG","YES","4844.54"
"Meritage Homes","MTH","YES","3610.6"
"Vail Resorts","MTN","YES","10796.02"
"Meritor","MTOR","YES","2533.74"
"Materion","MTRN","YES","1731.15"
"MACOM Technology Solutions","MTSI","YES","4217.47"
"Matterport","MTTR","YES","1692.68"
"Minerals Technologies","MTX","YES","2321.97"
"MasTec","MTZ","YES","5873.71"
"Micron Technology","MU","YES","100891.91"
"","MUB","YES","24275.34"
"Mitsubishi UFJ Financial Group","MUFG","YES","80150.18"
"Murphy Oil","MUR","YES","5121.87"
"Murphy USA","MUSA","YES","4502.68"
"Microvast","MVST","YES","2007.45"
"Mueller Water Products","MWA","YES","1976.6"
"MaxLinear","MXL","YES","4822.1"
"Myriad Genetics","MYGN","YES","1971.61"
"MYR Group","MYRG","YES","1558.19"
"Nable","NABL","YES","1972.27"
"The Duckhorn Portfolio","NAPA","YES","2265.27"
"Inari Medical","NARI","YES","4326.76"
"National Instruments","NATI","YES","5306.15"
"Navient","NAVI","YES","2934.95"
"Neurocrine Biosciences","NBIX","YES","8463.26"
"NBT Bancorp","NBTB","YES","1667.67"
"Norwegian Cruise Line","NCLH","YES","7271.15"
"nCino Inc.","NCNO","YES","4256.01"
"NCR","NCR","YES","5439.72"
"Nasdaq","NDAQ","YES","28397.26"
"Nordson","NDSN","YES","13237.15"
"Noble Corporation","NE","YES","1616.94"
"NextEra Energy","NEE","YES","151445.41"
"Newegg Commerce","NEGG","YES","2101.38"
"Newmont","NEM","YES","53810.91"
"NeoGenomics","NEO","YES","2554.79"
"Neogen","NEOG","YES","3904.45"
"NextEra Energy Partners","NEP","YES","6334.93"
"Cloudflare","NET","YES","35157.14"
"NewMarket","NEU","YES","3247.2"
"New Relic","NEWR","YES","4419.77"
"NexTier Oilfield Solutions","NEX","YES","1752.88"
"New Fortress Energy","NFE","YES","5349.48"
"National Fuel Gas Company","NFG","YES","5617.4"
"Netflix","NFLX","YES","173500.78"
"Novagold Resources","NG","YES","2350.43"
"National Grid Transco","NGG","YES","54097.76"
"Ingevity","NGVT","YES","2675.02"
"National Health Investors","NHI","YES","2448.88"
"NiSource","NI","YES","11748.06"
"Nice","NICE","YES","14342.71"
"NIO","NIO","YES","33306.61"
"NewJersey Resources","NJR","YES","4177.71"
"NIKE","NKE","YES","219483.8"
"Nikola","NKLA","YES","3194.58"
"Nektar Therapeutics","NKTR","YES","1841.88"
"NortonLifeLock","NLOK","YES","16553.96"
"Nielsen","NLSN","YES","6306.35"
"Annaly Capital Management","NLY","YES","10251.78"
"NMI","NMIH","YES","2003.5"
"Nomura","NMR","YES","14127.05"
"Newmark Group","NMRK","YES","3825.62"
"Nelnet","NNI","YES","3114.03"
"National Retail Properties","NNN","YES","7561.09"
"Noah Holdings","NOAH","YES","1863.45"
"Northrop Grumman","NOC","YES","63950.28"
"Northern Oil and Gas","NOG","YES","1562.2"
"Nokia","NOK","YES","30654.37"
"Nomad Foods Limited","NOMD","YES","4328.63"
"NOV","NOV","YES","6647.82"
"Sunnova Energy International","NOVA","YES","2070.45"
"Novanta","NOVT","YES","4909.9"
"ServiceNow","NOW","YES","116046"
"EnPro Industries","NPO","YES","2250.87"
"NRG Energy","NRG","YES","9301.42"
"New Residential Investment","NRZ","YES","4891.63"
"NuStar Energy","NS","YES","1681.86"
"National Storage Affiliates Trust","NSA","YES","5308.49"
"Norfolk Southern","NSC","YES","62445.23"
"Insight Enterprises","NSIT","YES","3598.53"
"Insperity","NSP","YES","3468.33"
"NanoString Technologies","NSTG","YES","1647.56"
"NetApp","NTAP","YES","17813.34"
"NetScout Systems","NTCT","YES","2316.71"
"NetEase","NTES","YES","66799.14"
"Intellia Therapeutics","NTLA","YES","7195.44"
"Nutanix","NTNX","YES","5752.33"
"Nutrien","NTR","YES","44776.62"
"Natera","NTRA","YES","6332.18"
"Northern Trust","NTRS","YES","24458.34"
"Nu Holdings Ltd.","NU","YES","35855.57"
"Nuance Communications","NUAN","YES","17709.94"
"Nucor","NUE","YES","37168.14"
"Nu Skin Enterprises","NUS","YES","2364.16"
"NuVasive","NUVA","YES","2797.6"
"Novavax","NVAX","YES","6171.89"
"NovoCure Limited","NVCR","YES","8388.01"
"NVIDIA","NVDA","YES","603925"
"NV5 Global","NVEE","YES","1641.91"
"Nuvei","NVEI","YES","3551.46"
"Nova Measuring Instruments","NVMI","YES","3101.93"
"Novo Nordisk","NVO","YES","241955.7"
"Nevro","NVRO","YES","2556.48"
"Novartis","NVS","YES","196005.44"
"Envista","NVST","YES","7829.59"
"nVent Electric","NVT","YES","5743.63"
"Invitae","NVTA","YES","2397.27"
"Northwest Bancshares","NWBI","YES","1780.24"
"NorthWestern","NWE","YES","3260.07"
"NatWest Group","NWG","YES","36566.97"
"Newell Brands","NWL","YES","10243.63"
"Northwest Natural","NWN","YES","1524.43"
"News Corporation","NWS","YES","13166.24"
"News Corporation","NWSA","YES","13130.88"
"NexGen Energy","NXE","YES","2295.84"
"NXP Semiconductors","NXPI","YES","50984.91"
"NexPoint Residential Trust","NXRT","YES","2229.98"
"Nexstar Media Group","NXST","YES","7300.72"
"New York Community Bancorp","NYCB","YES","5370.99"
"The New York Times Company","NYT","YES","7349.6"
"Realty Income","O","YES","27243.95"
"Oasis Petroleum","OAS","YES","2504.45"
"Owens Corning","OC","YES","9188.65"
"Ortho Clinical Diagnostics","OCDX","YES","4024.33"
"Old Dominion Freight Line","ODFL","YES","34896.77"
"The ODP Corporation","ODP","YES","2153.3"
"Corporate Office Properties Trust","OFC","YES","2898.98"
"OGE Energy","OGE","YES","7443.5"
"Organon & Co.","OGN","YES","9525.88"
"ONE Gas","OGS","YES","4351.84"
"Omega Healthcare Investors","OHI","YES","6805.13"
"OI Glass","OI","YES","2043.31"
"","OIH","YES","2788.31"
"Oceaneering International","OII","YES","1411.15"
"ONEOK","OKE","YES","28539.95"
"Okta","OKTA","YES","27588.8"
"Universal Display","OLED","YES","7648.37"
"Olink Holding","OLK","YES","2099.28"
"Ollie's Bargain Outlet","OLLI","YES","2737.1"
"Olin","OLN","YES","8126.66"
"Olo","OLO","YES","2136.01"
"Olaplex","OLPX","YES","11303.29"
"Outset Medical","OM","YES","1996.78"
"Grupo Aeroportuario del Centro Norte","OMAB","YES","2468.36"
"Omnicom Group","OMC","YES","17910.18"
"Omnicell","OMCL","YES","5553.04"
"OneMain","OMF","YES","6538.67"
"Owens & Minor","OMI","YES","3257.88"
"ON Semiconductor","ON","YES","27463.61"
"Old National Bancorp","ONB","YES","3061.5"
"1Life Healthcare","ONEM","YES","2051.53"
"On Holding ","ONON","YES","14194.17"
"Onto Innovation","ONTO","YES","4329.11"
"Option Care Health","OPCH","YES","4610.02"
"Opendoor Technologies","OPEN","YES","5214.51"
"OPKO Health","OPK","YES","2180.29"
"Osisko Gold Royalties","OR","YES","2051.29"
"Ormat Technologies","ORA","YES","4022.03"
"Orange","ORAN","YES","32707.35"
"Owl Rock Capital","ORCC","YES","5924.81"
"Oracle","ORCL","YES","203888.63"
"Old Republic International","ORI","YES","8132.66"
"O'Reilly Automotive","ORLY","YES","44113.32"
"Oscar Health","OSCR","YES","1470.8"
"Oak Street Health","OSH","YES","3857.25"
"OSI Systems","OSIS","YES","1420.86"
"Oshkosh","OSK","YES","7237.09"
"Overstock.com","OSTK","YES","2321.92"
"Open Text","OTEX","YES","11831.89"
"Otis Worldwide","OTIS","YES","33363.8"
"Oatly Group","OTLY","YES","3982.66"
"Otter Tail","OTTR","YES","2613.67"
"OUTFRONT Media","OUT","YES","3956.44"
"Ovintiv","OVV","YES","10678.64"
"Blue Owl Capital","OWL","YES","17063.2"
"Oxford Industries","OXM","YES","1473.92"
"Occidental Petroleum","OXY","YES","36182.43"
"Bank OZK","OZK","YES","5936"
"Ozon","OZON","YES","2509.22"
"Plains All American Pipeline","PAA","YES","7225"
"Pan American Silver","PAAS","YES","4901.56"
"Pacific Biosciences of California","PACB","YES","2506"
"Ranpak Holdings","PACK","YES","2015.46"
"PacWest Bancorp","PACW","YES","5747.98"
"Penske Automotive Group","PAG","YES","7614.44"
"Plains Group","PAGP","YES","2121.98"
"PagSeguro Digital","PAGS","YES","5234.65"
"Palo Alto Networks","PANW","YES","56111.48"
"PARAMOUNT GLBL","PARA","YES","19172.16"
"Paramount Global","PARAA","YES","21390.32"
"UiPath","PATH","YES","17222.23"
"Patrick Industries","PATK","YES","1669.88"
"Paymentus","PAY","YES","2749.73"
"Paycom Software","PAYC","YES","20210.07"
"Payoneer Global","PAYO","YES","1627.24"
"Paychex","PAYX","YES","42800.21"
"Prosperity Bancshares","PB","YES","6865.37"
"Pembina Pipeline","PBA","YES","18364.8"
"Peoples United Financial","PBCT","YES","9061.18"
"PBF Energy","PBF","YES","2056.58"
"Prestige Consumer Healthcare","PBH","YES","2940.67"
"Petroleo Brasileiro","PBR","YES","92548.6"
"Petroleo Brasileiro","PBR.A","YES","85765.62"
"PACCAR","PCAR","YES","31875.83"
"PG&E","PCG","YES","27989.8"
"Potlatch","PCH","YES","3791.32"
"Procore Technologies","PCOR","YES","8643.22"
"Pacira BioSciences","PCRX","YES","2990.27"
"Paylocity Holding","PCTY","YES","11435.4"
"","PCY","YES","2252.87"
"PagerDuty","PD","YES","2827.02"
"PDC Energy","PDCE","YES","5541.96"
"Patterson Companies","PDCO","YES","2958.03"
"Pinduoduo","PDD","YES","63978.99"
"Piedmont Office Realty Trust","PDM","YES","2094.26"
"Healthpeak Properties","PEAK","YES","17063.58"
"Pebblebrook Hotel Trust","PEB","YES","3007.15"
"Phillips Edison & Company","PECO","YES","3660.55"
"Public Service Enterprise Group","PEG","YES","32796.79"
"Pegasystems","PEGA","YES","6915.85"
"Penumbra","PEN","YES","8393.22"
"Penn National Gaming","PENN","YES","8516.4"
"PepsiCo","PEP","YES","232811.11"
"Pfizer","PFE","YES","267846"
"","PFF","YES","18000.8"
"Principal Financial Group","PFG","YES","18727.4"
"Performance Food Group","PFGC","YES","8760.21"
"Provident Financial Services","PFS","YES","1833.01"
"PennyMac Financial Services","PFSI","YES","3462.06"
"Procter & Gamble","PG","YES","382932.53"
"Progyny","PGNY","YES","3497.84"
"The Progressive","PGR","YES","62742.22"
"Paramount Group","PGRE","YES","2458.36"
"","PGX","YES","6738.16"
"ParkerHannifin","PH","YES","38285.05"
"Koninklijke Philips","PHG","YES","31612.69"
"PulteGroup","PHM","YES","12099.36"
"Phreesia","PHR","YES","1498.77"
"Impinj","PI","YES","1677.43"
"Polaris","PII","YES","7189.67"
"Premier","PINC","YES","4311.99"
"Ping Identity","PING","YES","1731.77"
"Pinterest","PINS","YES","17342.12"
"Piper Sandler Companies","PIPR","YES","2658.49"
"PJT Partners","PJT","YES","1582.51"
"Park Hotels & Resorts","PK","YES","4481.19"
"Packaging Corporation of America","PKG","YES","14212.52"
"PerkinElmer","PKI","YES","23119.88"
"Anaplan","PLAN","YES","7163.06"
"Dave & Buster's Entertainment","PLAY","YES","2089.93"
"Prologis","PLD","YES","109853"
"Palomar Holdings","PLMR","YES","1579.05"
"Planet Fitness","PLNT","YES","7449.99"
"Playtika","PLTK","YES","8717.02"
"Palantir Technologies","PLTR","YES","22402.32"
"Plug Power","PLUG","YES","13019.88"
"Plexus","PLXS","YES","2292.42"
"Playa Hotels & Resorts","PLYA","YES","1486.74"
"Philip Morris International","PM","YES","163103.89"
"PennyMac Mortgage Investment Trust","PMT","YES","1519.13"
"The PNC Financial Services Group","PNC","YES","85656.61"
"Pinnacle Financial Partners","PNFP","YES","7541.31"
"PNM Resources","PNM","YES","3856.56"
"Pentair","PNR","YES","9635.17"
"Pinnacle West Capital","PNW","YES","8119.44"
"Insulet","PODD","YES","18160.63"
"Pool Corp.","POOL","YES","18015.13"
"Portland General Electric","POR","YES","4540.2"
"Post Holdings","POST","YES","6578.15"
"Power Integrations","POWI","YES","5298.85"
"Pacific Premier Bancorp","PPBI","YES","3667.67"
"Pilgrim's Pride","PPC","YES","5987.65"
"PPG Industries","PPG","YES","33297.09"
"PPL","PPL","YES","19435.62"
"PRA Group","PRAA","YES","2008.82"
"Perficient","PRFT","YES","3470.4"
"Prog Holdings","PRG","YES","2061.79"
"Perrigo","PRGO","YES","4773.05"
"Progress Software","PRGS","YES","1953.26"
"Primerica","PRI","YES","5163.3"
"Park National","PRK","YES","2160.77"
"Proto Labs","PRLB","YES","1492.55"
"Primo Water","PRMW","YES","2381.79"
"Pros Holdings","PRO","YES","1427.71"
"Prothena","PRTA","YES","1645.69"
"Prudential Financial","PRU","YES","42412.8"
"Privia Health Group","PRVA","YES","2702.93"
"Public Storage","PSA","YES","63601.1"
"PS Business Parks","PSB","YES","4467.78"
"Prospect Capital","PSEC","YES","3154.92"
"Paysafe Limited","PSFE","YES","2221.79"
"PriceSmart","PSMT","YES","2254.81"
"Parsons","PSN","YES","3475.95"
"Pearson","PSO","YES","7065.03"
"Pure Storage","PSTG","YES","7561.82"
"Pershing Square Tontine","PSTH","YES","3958"
"Phillips 66","PSX","YES","37133.32"
"Phillips 66 Partners LP","PSXP","YES","9661.07"
"PTC","PTC","YES","13145.07"
"PTC Therapeutics","PTCT","YES","2545.5"
"PattersonUTI Energy","PTEN","YES","2906.09"
"Peloton Interactive","PTON","YES","9347.81"
"Proterra","PTRA","YES","1932.02"
"Pactiv Evergreen","PTVE","YES","1776.06"
"PubMatic","PUBM","YES","1495.06"
"Prudential","PUK","YES","43983.5"
"Pretium Resources","PVG","YES","2693.14"
"PVH","PVH","YES","7011.76"
"Quanta Services","PWR","YES","15419.85"
"PowerSchool","PWSC","YES","3089.12"
"Pioneer Natural Resources","PXD","YES","55688.45"
"Paycor HCM","PYCR","YES","4841.31"
"PayPal","PYPL","YES","129245.65"
"Papa John's International","PZZA","YES","3858.65"
"Qualcomm","QCOM","YES","191441.59"
"Quidel","QDEL","YES","4501.23"
"360 DigiTech","QFIN","YES","3038.45"
"QIAGEN","QGEN","YES","11422.06"
"Qualys","QLYS","YES","4793.59"
"","QQQ","YES","183845.91"
"Qurate Retail Group","QRTEA","YES","2344.75"
"Qorvo","QRVO","YES","14937.54"
"QuantumScape","QS","YES","6484.56"
"Restaurant Brands International","QSR","YES","17667.36"
"Q2 Holdings","QTWO","YES","3618.37"
"Ryder System","R","YES","4173.79"
"Ferrari","RACE","YES","39428.89"
"LiveRamp","RAMP","YES","2891.1"
"Ultragenyx Pharmaceutical","RARE","YES","4680"
"Ritchie Bros. Auctioneers","RBA","YES","5776.37"
"Roblox","RBLX","YES","25838.02"
"Rogers Communication","RCI","YES","26160.18"
"RentACenter","RCII","YES","1943.86"
"Royal Caribbean Cruises","RCL","YES","21341.2"
"R1 RCM","RCM","YES","7571.02"
"Arcus Biosciences","RCUS","YES","2593.76"
"Redfin","RDFN","YES","2322.64"
"Radian Group","RDN","YES","4289.65"
"Radware","RDWR","YES","1511.98"
"Dr. Reddys Laboratories","RDY","YES","9239.68"
"Everest Re Group","RE","YES","11997.45"
"Regency Centers","REG","YES","11524.8"
"Renewable Energy Group","REGI","YES","2202.35"
"Regeneron Pharmaceuticals","REGN","YES","66532.55"
"RELX","RELX","YES","59180.09"
"Remitly Global","RELY","YES","1742.88"
"RPC","RES","YES","1812.09"
"Rexford Industrial Realty","REXR","YES","11468.71"
"Reynolds Consumer Products","REYN","YES","6366.23"
"Resideo Technologies","REZI","YES","3695.08"
"Regions Financial","RF","YES","23155.23"
"Reinsurance Group of America","RGA","YES","7644.23"
"Repligen","RGEN","YES","10628.41"
"Royal Gold","RGLD","YES","7909.29"
"RH","RH","YES","8508.48"
"Robert Half International","RHI","YES","13384.15"
"Ryman Hospitality Properties","RHP","YES","4991.78"
"Transocean","RIG","YES","2185.74"
"B. Riley Financial","RILY","YES","1666.03"
"Rio Tinto","RIO","YES","97277.05"
"Riot Blockchain","RIOT","YES","1890.98"
"Rivian Automotive","RIVN","YES","57107.13"
"Raymond James Financial","RJF","YES","23311.63"
"Rocket Lab USA","RKLB","YES","4244.98"
"Rocket Companies","RKT","YES","24264.48"
"Ralph Lauren","RL","YES","9544.24"
"Relay Therapeutics","RLAY","YES","2474.2"
"Realogy","RLGY","YES","2127.74"
"RLI","RLI","YES","4621.32"
"RLJ Lodging Trust","RLJ","YES","2392.29"
"RLX Technology","RLX","YES","4675.48"
"Rambus","RMBS","YES","2974.72"
"ResMed","RMD","YES","35884.42"
"Ringcentral","RNG","YES","11769.03"
"RenaissanceRe","RNR","YES","6757.02"
"Renasant","RNST","YES","2035.9"
"ReNew Energy Global","RNW","YES","3133.71"
"Construction Partners","ROAD","YES","1439.73"
"Gibraltar Industries","ROCK","YES","1599.98"
"Rogers","ROG","YES","5135.16"
"Retail Opportunity Investments","ROIC","YES","2223.27"
"Montes Archimedes Acquisition","ROIV","YES","4553.83"
"Rockwell Automation","ROK","YES","31289.29"
"Roku","ROKU","YES","18889.55"
"Rollins","ROL","YES","15809.52"
"RBC Bearings","ROLL","YES","5479"
"Roper Technologies","ROP","YES","47354.42"
"Ross Stores","ROST","YES","32764.27"
"Repay","RPAY","YES","1580.17"
"Rapid7","RPD","YES","5734.67"
"RPM International","RPM","YES","11101.07"
"Royalty Pharma","RPRX","YES","23358.07"
"Range Resources","RRC","YES","6136.84"
"Red Rock Resorts","RRR","YES","5784.56"
"Regal Beloit","RRX","YES","10826.59"
"Reliance Steel & Aluminum Co.","RS","YES","11492.09"
"Republic Services","RSG","YES","38253.39"
"Rush Street Interactive","RSI","YES","2181.18"
"","RSP","YES","32667.39"
"Rattler Midstream","RTLR","YES","1997.19"
"Raytheon Technologies","RTX","YES","146427.53"
"Sunrun","RUN","YES","5135.43"
"Rush Enterprises","RUSHA","YES","2815.04"
"Revolve Group","RVLV","YES","3660.3"
"Revolution Medicines","RVMD","YES","1460.48"
"Prometheus Biosciences","RXDX","YES","1681.79"
"Recursion Pharmaceuticals","RXRX","YES","1814.99"
"Rackspace Technology","RXT","YES","2339.76"
"Royal Bank Of Canada","RY","YES","156622.16"
"Ryanair","RYAAY","YES","23218.44"
"Ryan Specialty Group","RYAN","YES","4384.06"
"Rayonier","RYN","YES","5565.38"
"SentinelOne","S","YES","10288.54"
"Sabre","SABR","YES","3678.43"
"Safehold","SAFE","YES","3487.92"
"Sanderson Farms","SAFM","YES","4016.15"
"Sage Therapeutics","SAGE","YES","2164.32"
"Sonic Automotive","SAH","YES","2221.97"
"Saia","SAIA","YES","7246.8"
"Science Applications International","SAIC","YES","4824.07"
"SailPoint Technologies","SAIL","YES","3789.3"
"The Boston Beer Company","SAM","YES","4673.52"
"Banco Santander","SAN","YES","61385.87"
"Sanmina","SANM","YES","2520.65"
"Sandy Spring Bancorp","SASR","YES","2148.71"
"EchoStar","SATS","YES","1975.13"
"Cassava Sciences","SAVA","YES","1701.11"
"Spirit Airlines","SAVE","YES","2703.07"
"SBA Communications","SBAC","YES","33618.67"
"Seacoast Banking Corp. of Florida","SBCF","YES","2147.25"
"Sinclair Broadcast Group","SBGI","YES","2068.99"
"Sally Beauty","SBH","YES","1947.79"
"Star Bulk Carriers","SBLK","YES","3247.13"
"Signature Bank","SBNY","YES","21220.8"
"Sabra Healthcare REIT","SBRA","YES","3103.35"
"Companhia de saneamento Basico Do Estado De Sao Pa","SBS","YES","5502.25"
"Sibanye Gold Limited","SBSW","YES","12202.52"
"Starbucks","SBUX","YES","106494.78"
"Southern Copper","SCCO","YES","53180.26"
"Scholastic","SCHL","YES","1456.22"
"The Charles Schwab","SCHW","YES","155603.73"
"Service Corporation International","SCI","YES","9850.35"
"Stepan","SCL","YES","2359.71"
"SciPlay","SCPL","YES","1644.59"
"Schrodinger","SDGR","YES","2314.04"
"","SDY","YES","20478.59"
"Sea Limited","SE","YES","74160.33"
"SeaWorld Entertainment","SEAS","YES","5556.7"
"SolarEdge Technologies","SEDG","YES","14679.89"
"Sealed Air","SEE","YES","10142.91"
"SEI Investments","SEIC","YES","8133.83"
"Select Medical","SEM","YES","3091.4"
"SEMrush","SEMR","YES","1940.79"
"Stifel Financial","SF","YES","7928.35"
"ServisFirst Bancshares","SFBS","YES","4682.22"
"Sprouts Farmers Market","SFM","YES","3237.34"
"Simmons First National","SFNC","YES","3285.27"
"Sweetgreen, Inc.","SG","YES","2581.89"
"Seagen","SGEN","YES","23573.92"
"Signify Health","SGFY","YES","2288.75"
"Super Group (SGHC) Limited","SGHC","YES","3985.81"
"Scientific Games Corp","SGMS","YES","6044.57"
"Surgery Partners","SGRY","YES","4646.4"
"Shake Shack","SHAK","YES","3027.41"
"Sotera Health","SHC","YES","6292.07"
"Shell PLC Unsponsored ADR","SHEL","YES","207353.25"
"Shoals Technologies Group","SHLS","YES","2374.2"
"Shell Midstream Partners","SHLX","YES","5356.6"
"Sunstone Hotel Investors","SHO","YES","2335.91"
"Steven Madden","SHOO","YES","3490.13"
"Shopify","SHOP","YES","85025.15"
"","SHV","YES","15089.04"
"SherwinWilliams","SHW","YES","69590.09"
"","SHY","YES","21389.49"
"The Shyft Group","SHYF","YES","1453.39"
"Silvergate Capital","SI","YES","3202.44"
"National Steel","SID","YES","6610.2"
"Signet Jewelers","SIG","YES","3794.14"
"Selective Insurance Group","SIGI","YES","5038.17"
"Silicon Motion Technology","SIMO","YES","2582.02"
"Sirius XM","SIRI","YES","24319.23"
"SITE Centers Corp.","SITC","YES","3381.89"
"SiteOne Landscape Supply","SITE","YES","7694.3"
"SiTime","SITM","YES","3917.04"
"SVB Financial Group","SIVB","YES","36571.63"
"Six Flags Entertainment","SIX","YES","3875.56"
"South Jersey Industries","SJI","YES","3886.43"
"The J. M. Smucker Co.","SJM","YES","14875.02"
"Shaw Communications","SJR","YES","14107.27"
"SJW Group","SJW","YES","1936.92"
"Beauty Health","SKIN","YES","2868.59"
"SK Telecom Co.","SKM","YES","11150.99"
"Tanger Factory Outlet Centers","SKT","YES","1778.81"
"Skechers","SKX","YES","7400.9"
"Skyline","SKY","YES","3872.2"
"SkyWest","SKYW","YES","1464.57"
"Silicon Laboratories","SLAB","YES","6179.19"
"Schlumberger","SLB","YES","55743.61"
"Sun Life Financial","SLF","YES","33839.84"
"SL Green Realty","SLG","YES","5201.09"
"SomaLogic, Inc.","SLGC","YES","1632.37"
"Silgan Holdings","SLGN","YES","4653.79"
"SLM","SLM","YES","5585.06"
"Sylvamo","SLVM","YES","1582.05"
"SM Energy","SM","YES","3956.4"
"Smartsheet","SMAR","YES","6726.74"
"Super Micro Computer","SMCI","YES","2071.3"
"Sumitomo Mitsui Financial Group","SMFG","YES","50026.78"
"Scotts MiracleGro","SMG","YES","7786.19"
"Simply Good Foods","SMPL","YES","3748.19"
"Semtech","SMTC","YES","4552.46"
"SnapOn","SNA","YES","11334.34"
"Snap","SNAP","YES","63591.23"
"Sleep Number","SNBR","YES","1486.78"
"Sun Country Airlines","SNCY","YES","1599.02"
"Schneider National","SNDR","YES","4596.01"
"StoneX Group","SNEX","YES","1532.48"
"Smith & Nephew SNATS","SNN","YES","15657.22"
"Snowflake","SNOW","YES","82523.34"
"China Petroleum & Chemical","SNP","YES","60923.03"
"Snap One","SNPO","YES","1492.74"
"Synopsys","SNPS","YES","47636.67"
"Synovus Financial","SNV","YES","7582.57"
"TD SYNNEX","SNX","YES","10011.5"
"Sanofi","SNY","YES","133769.38"
"The Southern Company","SO","YES","68957.13"
"SoFi Technologies","SOFI","YES","8609.8"
"Sonoco","SON","YES","5780.6"
"Sonos","SONO","YES","3479.89"
"Sony","SONY","YES","127006.45"
"Spectrum Brands","SPB","YES","3839.84"
"Virgin Galactic","SPCE","YES","2368.54"
"Simon Property Group","SPG","YES","45908.1"
"S&P Global","SPGI","YES","91794.49"
"Splunk","SPLK","YES","19210.07"
"Sapiens International","SPNS","YES","1479.58"
"Spotify Technology","SPOT","YES","28895.23"
"Spirit Aerosystems","SPR","YES","5324.33"
"SPS Commerce","SPSC","YES","4631.33"
"Sprout Social","SPT","YES","3465.72"
"SunPower","SPWR","YES","2907.93"
"SPX","SPXC","YES","2294.74"
"","SPY","YES","394228.91"
"BLOCK INC","SQ","YES","55270.05"
"Sociedad Quimica y Minera","SQM","YES","16949.86"
"Squarespace","SQSP","YES","3977.6"
"Spire","SR","YES","3424.31"
"Sportradar Group","SRAD","YES","4126.72"
"Spirit Realty Capital","SRC","YES","5975.95"
"Stericycle","SRCL","YES","5314.44"
"Sempra Energy","SRE","YES","45165.8"
"Sarepta Therapeutics","SRPT","YES","6620.46"
"South State","SSB","YES","6274.72"
"Simpson Manufacturing","SSD","YES","5155.85"
"Sasol","SSL","YES","14327.58"
"SS&C Technologies","SSNC","YES","19215.13"
"The E.W. Scripps Company","SSP","YES","1797.38"
"Silver Standard Resources","SSRM","YES","4196.63"
"Shutterstock","SSTK","YES","3276.27"
"Sensata Technologies Holding","ST","YES","9291.11"
"STAAR Surgical","STAA","YES","3664.69"
"Stag Industrial","STAG","YES","7050.48"
"iStar Financial","STAR","YES","1760.01"
"Stewart Information Services","STC","YES","1812.44"
"STERIS","STE","YES","23762.19"
"StepStone Group","STEP","YES","3773.94"
"Sterling Check","STER","YES","1996.66"
"State Auto Financial","STFC","YES","2309.74"
"Stagwell Inc.","STGW","YES","2192.93"
"Stellantis","STLA","YES","38765.98"
"Steel Dynamics","STLD","YES","13695.12"
"STMicroelectronics","STM","YES","39484.36"
"Stantec","STN","YES","5596.73"
"StoneCo","STNE","YES","3525.69"
"STORE Capital","STOR","YES","8422.91"
"","STPZ","YES","1439.18"
"Strategic Education","STRA","YES","1494.23"
"State Street","STT","YES","32484.81"
"Stevanato Group","STVN","YES","4790.94"
"Starwood Property Trust","STWD","YES","6912.39"
"Seagate Technology","STX","YES","22962.44"
"Constellation Brands","STZ","YES","41186.48"
"Suncor Energy","SU","YES","42801.71"
"Sun Communities","SUI","YES","21413.54"
"Summit Materials","SUM","YES","3766.88"
"Sunoco","SUN","YES","4225.2"
"Supernus Pharmaceuticals","SUPN","YES","1637.34"
"Service Properties Trust","SVC","YES","1421.44"
"ShockWave Medical","SWAV","YES","6199.11"
"Switch","SWCH","YES","6306.75"
"SolarWinds","SWI","YES","2136.58"
"Latham Group","SWIM","YES","2031.12"
"Stanley Black & Decker","SWK","YES","26445.08"
"Skyworks Solutions","SWKS","YES","22849.28"
"Southwestern Energy","SWN","YES","5034.29"
"SpringWorks Therapeutics","SWTX","YES","2672.46"
"Southwest Gas","SWX","YES","4166.57"
"Sensient Technologies","SXT","YES","3427.01"
"Synchrony Financial","SYF","YES","22513.73"
"Stryker","SYK","YES","100347.6"
"Synaptics","SYNA","YES","8939.35"
"Syneos Health","SYNH","YES","8364.79"
"Sysco","SYY","YES","44729.27"
"AT&T","T","YES","170786.56"
"TransAlta","TAC","YES","2712.2"
"Takeda Pharmaceutical Co.","TAK","YES","47562.51"
"TAL Education Group","TAL","YES","1876.57"
"Molson Coors","TAP","YES","11482.04"
"Taro Pharmaceutical Industries","TARO","YES","1879.23"
"TaskUs","TASK","YES","2711.48"
"The Bancorp","TBBK","YES","1672.38"
"Triumph Bancorp","TBK","YES","2476.97"
"Taboola.com","TBLA","YES","1402.43"
"Texas Capital Bancshares","TCBI","YES","3358.03"
"Tricon Residential Inc.","TCN","YES","4189"
"Trip.com Group Limited","TCOM","YES","16165.95"
"The Toronto Dominion Bank","TD","YES","149922.97"
"Teradata","TDC","YES","5397.88"
"Transdigm Group","TDG","YES","36740.86"
"Teladoc Health","TDOC","YES","11324.53"
"Telephone and Data Systems","TDS","YES","1991.52"
"Teledyne Technologies","TDY","YES","19997.81"
"Atlassian","TEAM","YES","41882.99"
"BioTechne Corp","TECH","YES","16606.75"
"Teck Resources","TECK","YES","19420.14"
"Telefonica","TEF","YES","27392.69"
"TE Connectivity","TEL","YES","47220.81"
"Magellan Petroleum","TELL","YES","1757.69"
"Tenneco","TEN","YES","1605.29"
"Tenable Holdings","TENB","YES","5602.17"
"Telecom Argentina Stet  France Telecom","TEO","YES","2300.14"
"Teradyne","TER","YES","19496.54"
"Teva Pharmaceutical Industries","TEVA","YES","9221.14"
"Terex","TEX","YES","2905.1"
"Truist Financial","TFC","YES","83631.75"
"","TFI","YES","5038.11"
"TFI International","TFII","YES","9533.22"
"TFS Financial","TFSL","YES","4869.95"
"Teleflex","TFX","YES","16068.29"
"Textainer Group","TGH","YES","1819.07"
"Triumph Group","TGI","YES","1579.75"
"TEGNA","TGNA","YES","5025.3"
"Target","TGT","YES","95451.06"
"TG Therapeutics","TGTX","YES","1400.54"
"Tenet Healthcare","THC","YES","9206.69"
"The Hanover Insurance Group","THG","YES","5031.76"
"Thor Industries","THO","YES","4907.78"
"Gentherm","THRM","YES","2874.2"
"TreeHouse Foods","THS","YES","2236.83"
"TIM","TIMB","YES","6361.86"
"","TIP","YES","34340.25"
"TELUS International CDA","TIXT","YES","6515.6"
"The TJX Companies","TJX","YES","79660.41"
"Turkcell Iletisim Hizmetleri","TKC","YES","3106.4"
"The Timken Company","TKR","YES","4959.66"
"Tilray Brands, Inc.","TLRY","YES","2827.13"
"","TLT","YES","15644.24"
"Toyota Motor","TM","YES","259157.47"
"Taylor Morrison Home","TMHC","YES","3648.63"
"Thermo Fisher Scientific","TMO","YES","216659.47"
"TMobile US","TMUS","YES","156735.92"
"Terminix","TMX","YES","5166.26"
"Tennant","TNC","YES","1463.35"
"Tandem Diabetes Care","TNDM","YES","7181.16"
"TriNet","TNET","YES","5828.92"
"Travel  Leisure Co.","TNL","YES","4902.75"
"Toll Brothers","TOL","YES","6453.7"
"Toast","TOST","YES","10226.16"
"TPG Inc.","TPG","YES","9478.55"
"Tri Pointe Homes","TPH","YES","2365.92"
"Tapestry","TPR","YES","10760.22"
"Turning Point Therapeutics","TPTX","YES","1556.13"
"Tempur Sealy International","TPX","YES","6118.92"
"Tootsie Roll Industries","TR","YES","2295.41"
"LendingTree","TREE","YES","1547.85"
"Trex","TREX","YES","10403.13"
"Targa Resources","TRGP","YES","14582.66"
"Thomson Reuters","TRI","YES","49197.75"
"TripAdvisor","TRIP","YES","3659.58"
"Trimble","TRMB","YES","17557.46"
"Trustmark","TRMK","YES","1973.33"
"Trinity Industries","TRN","YES","2404.42"
"Terreno Realty","TRNO","YES","5305.77"
"T. Rowe Price","TROW","YES","33132.83"
"Tronox","TROX","YES","3246.6"
"TC Energy","TRP","YES","51532.7"
"Turquoise Hill Resources","TRQ","YES","4227.87"
"TriMas","TRS","YES","1408.28"
"Triton","TRTN","YES","4343.2"
"TransUnion","TRU","YES","17528.14"
"Trupanion","TRUP","YES","3589.99"
"The Travelers Companies","TRV","YES","41885.89"
"Tenaris","TS","YES","14945.59"
"Tractor Supply Co.","TSCO","YES","22630.03"
"Trinseo","TSE","YES","1993.84"
"Tower Semiconductor","TSEM","YES","5005.12"
"Tesla","TSLA","YES","813323.94"
"Sixth Street Specialty Lending","TSLX","YES","1778.52"
"Tyson Foods","TSN","YES","33843.43"
"TuSimple","TSP","YES","3634.23"
"Trane Technologies","TT","YES","36135.35"
"Toro","TTC","YES","9816.46"
"The Trade Desk","TTD","YES","40546.55"
"TotalEnergies","TTE","YES","145125.89"
"TeleTech","TTEC","YES","3641.66"
"Tetra Tech","TTEK","YES","8482.23"
"TechTarget","TTGT","YES","2225.74"
"TakeTwo Interactive Software","TTWO","YES","19075.98"
"TELUS","TU","YES","34664.67"
"Tuya","TUYA","YES","3073.08"
"Grupo Televisa","TV","YES","5872.02"
"Travere Therapeutics","TVTX","YES","1643.93"
"Tradeweb Markets","TW","YES","19265.83"
"Turing Holding","TWKS","YES","6990.23"
"Twilio","TWLO","YES","29813"
"Hostess Brands","TWNK","YES","3004.17"
"Two Harbors Investments Corp","TWO","YES","1747.04"
"Twist Bioscience","TWST","YES","2797.66"
"Twitter","TWTR","YES","28254.63"
"Ternium","TX","YES","7904.7"
"10x Genomics","TXG","YES","9170.91"
"Texas Instruments","TXN","YES","157760.31"
"Texas Roadhouse","TXRH","YES","6498.58"
"Textron","TXT","YES","15488.44"
"Tyler Technologies","TYL","YES","17776.73"
"Unity Software","U","YES","30597.68"
"Under Armour","UA","YES","7413.1"
"Under Armour","UAA","YES","8455.79"
"United Airlines","UAL","YES","14884.12"
"Uber Technologies","UBER","YES","67865.34"
"UBS","UBS","YES","65598"
"United Bankshares","UBSI","YES","4730.13"
"United Community Banks","UCBI","YES","3407.42"
"Ultra Clean","UCTT","YES","2139.93"
"Udemy","UDMY","YES","1872.98"
"United Dominion Realty Trust","UDR","YES","17835.55"
"Urban Edge Properties","UE","YES","2174.23"
"UFP Industries","UFPI","YES","5248.1"
"UGI","UGI","YES","8127.82"
"Ultrapar Participacoes","UGP","YES","3979.8"
"Universal Health Services","UHS","YES","11640.19"
"Ubiquiti","UI","YES","15437.22"
"Unisys","UIS","YES","1463.64"
"Unilever","UL","YES","129724.82"
"Frontier Group","ULCC","YES","2824.49"
"Ulta Beauty","ULTA","YES","20461.21"
"UMB Financial","UMBF","YES","4965.48"
"United Microelectronics","UMC","YES","23404.93"
"Umpqua","UMPQ","YES","4666.11"
"Unifirst","UNF","YES","3406.93"
"United Natural Foods","UNFI","YES","2347.8"
"UnitedHealth Group","UNH","YES","447632.75"
"Uniti Group","UNIT","YES","3009.91"
"Unum Group","UNM","YES","5831.01"
"Union Pacific","UNP","YES","156938.27"
"Univar Solutions","UNVR","YES","5207.37"
"United Parcel Service","UPS","YES","182476.39"
"Upstart","UPST","YES","11421.55"
"Upwork","UPWK","YES","3170.95"
"Urban Outfitters","URBN","YES","2624.27"
"United Rentals","URI","YES","22907.77"
"USA Compression Partners","USAC","YES","1689.5"
"U.S. Bancorp","USB","YES","85086.93"
"US Foods","USFD","YES","8764.7"
"United States Cellular","USM","YES","2411.4"
"USANA Health Sciences","USNA","YES","1703.5"
"","USO","YES","2679.61"
"United Therapeutics","UTHR","YES","7582.19"
"Utz Brands","UTZ","YES","2103.08"
"Visa","V","YES","419730.81"
"Marriot Vacations Worldwide","VAC","YES","6951.52"
"Valaris","VAL","YES","2975.25"
"Veritex","VBTX","YES","1979.25"
"Visteon","VC","YES","3489.31"
"Vericel","VCEL","YES","1842.07"
"Vocera Communications","VCRA","YES","2772.78"
"Victory Capital Holdings","VCTR","YES","2259.96"
"Veracyte","VCYT","YES","1913.19"
"Veeco Instruments","VECO","YES","1414.24"
"Veeva Systems","VEEV","YES","34743.02"
"VEON","VEON","YES","1407.35"
"Verve Therapeutics","VERV","YES","1481.74"
"Vertex","VERX","YES","1980.39"
"Vermilion Energy","VET","YES","2938.91"
"V.F. Corporation","VFC","YES","22805.19"
"","VFH","YES","11919.31"
"Vonage","VG","YES","5174.75"
"Vector Group","VGR","YES","1724.35"
"Viavi Solutions","VIAV","YES","3765.3"
"VICI Properties","VICI","YES","21007.32"
"Vicor","VICR","YES","3281.76"
"Vipshop","VIPS","YES","6119.69"
"Vir Biotechnology","VIR","YES","3642.4"
"Virtu Financial","VIRT","YES","6227.13"
"Telefonica Brasil","VIV","YES","16477.5"
"Velo3D","VLD","YES","1474.47"
"Valero Energy","VLO","YES","34697.88"
"Controladora Vuela Compania de Aviacion, B. de C.V","VLRS","YES","2228.07"
"Valley National Bancorp","VLY","YES","5698.54"
"Vulcan Materials","VMC","YES","24348.72"
"Vimeo","VMEO","YES","2115.76"
"Valmont Industries","VMI","YES","4641.56"
"VMware","VMW","YES","49661.99"
"Veoneer","VNE","YES","3973.32"
"Vornado Realty Trust","VNO","YES","8380.78"
"Viper Energy Partners","VNOM","YES","4838.47"
"","VNQ","YES","45622.35"
"Vontier","VNT","YES","4092.93"
"Vodafone Group","VOD","YES","48742.98"
"Voya Financial","VOYA","YES","7264.91"
"Veris Residential","VRE","YES","1544.31"
"Varonis Systems","VRNS","YES","4465.07"
"Verint Systems","VRNT","YES","3287.82"
"Verra Mobility","VRRM","YES","2754.53"
"Verisk Analytics","VRSK","YES","28956.74"
"VeriSign","VRSN","YES","23596.77"
"Vertiv","VRT","YES","4958.89"
"Veritiv","VRTV","YES","1595.22"
"Vertex Pharmaceuticals","VRTX","YES","58629.01"
"Viasat","VSAT","YES","3236.1"
"Victoria's Secret","VSCO","YES","4962.09"
"Vishay Intertechnology","VSH","YES","2835.28"
"Vistra","VST","YES","10569.54"
"Vista Outdoor","VSTO","YES","2001.12"
"VTEX","VTEX","YES","1499.94"
"","VTI","YES","277908.97"
"Ventas","VTR","YES","21652.69"
"Viatris","VTRS","YES","17584.58"
"Vivint Smart Home","VVNT","YES","1523.6"
"Valvoline","VVV","YES","5920.55"
"","VWO","YES","80190.87"
"Verizon Communications","VZ","YES","227186.22"
"VIZIO","VZIO","YES","2593.02"
"Wayfair","W","YES","13715.19"
"Westinghouse Air Brake Technologies","WAB","YES","17487.68"
"Westamerica Ban","WABC","YES","1591.28"
"Washington Federal","WAFD","YES","2346.93"
"Western Alliance Ban","WAL","YES","9826.22"
"Waters","WAT","YES","19754.39"
"Weibo","WB","YES","6636.6"
"Walgreens Boots Alliance","WBA","YES","39883.16"
"Webster Financial","WBS","YES","5427.17"
"Welbilt","WBT","YES","3369.53"
"WESCO International","WCC","YES","6236.21"
"Waste Connections","WCN","YES","31980.06"
"Walker & Dunlop","WD","YES","4407.5"
"Workday","WDAY","YES","56307.5"
"Western Digital","WDC","YES","16568.99"
"WD40","WDFC","YES","2911.85"
"BowX Acquisition","WE","YES","4420.38"
"Weber","WEBR","YES","3314.04"
"WEC Energy Group","WEC","YES","28657.72"
"Welltower","WELL","YES","37710.14"
"Wendy's","WEN","YES","5012.81"
"Werner Enterprises","WERN","YES","2914.15"
"Western Midstream Partners","WES","YES","9882.85"
"WEX","WEX","YES","7423.74"
"Wells Fargo & Company","WFC","YES","206405.67"
"West Fraser Timber Co.","WFG","YES","10095.98"
"Weatherford International","WFRD","YES","1956.18"
"Winnebago Industries","WGO","YES","2100.71"
"Wyndham Hotels & Resorts","WH","YES","8064.74"
"Cactus","WHD","YES","3715.68"
"Whirlpool","WHR","YES","11983.06"
"Wingstop","WING","YES","4179.76"
"Encore Wire","WIRE","YES","2462.22"
"ContextLogic","WISH","YES","1459.61"
"Wipro Limited","WIT","YES","40608.89"
"Wix.com","WIX","YES","4936.04"
"Workiva","WK","YES","5179.73"
"Westlake Corp.","WLK","YES","14077.67"
"Whiting Petroleum","WLL","YES","2733.91"
"Waste Management","WM","YES","60181.41"
"The Williams Companies","WMB","YES","37289.27"
"Warner Music Group","WMG","YES","18795.85"
"Weis Markets","WMK","YES","1674.26"
"Advanced Drainage Systems","WMS","YES","8372.19"
"Walmart","WMT","YES","378301.56"
"WNS","WNS","YES","4124.44"
"Cree","WOLF","YES","12493.44"
"Petco Health and Wellness Co.","WOOF","YES","3990.81"
"Worthington Industries","WOR","YES","2911.41"
"WideOpenWest","WOW","YES","1489.17"
"W.P. Carey","WPC","YES","14802.57"
"Wheaton Precious Metals","WPM","YES","19819.98"
"WPP","WPP","YES","16753.62"
"W.R. Berkley","WRB","YES","16107.84"
"Warby Parker","WRBY","YES","2820.13"
"Washington Real Estate Investment Trust","WRE","YES","2056.94"
"WestRock","WRK","YES","12171.03"
"WesBanco","WSBC","YES","2333.21"
"WillScot Mobile Mini","WSC","YES","8446.41"
"WSFS","WSFS","YES","2453.55"
"WilliamsSonoma","WSM","YES","10544.12"
"Watsco","WSO","YES","10372.54"
"West Pharmaceutical Services","WST","YES","28707.61"
"Wintrust Financial","WTFC","YES","5634.6"
"Essential Utilities","WTRG","YES","11972.43"
"Watts Water Technologies","WTS","YES","4977.12"
"Willis Towers Watson","WTW","YES","27865.66"
"Western Union","WU","YES","7650.19"
"Woodward","WWD","YES","7759.36"
"World Wrestling Entertainment","WWE","YES","4387.11"
"Wolverine World Wide","WWW","YES","1929.91"
"Weyerhaeuser","WY","YES","29256.18"
"Wynn Resorts","WYNN","YES","10151.29"
"United States Steel","X","YES","7021.64"
"","XBI","YES","6452.13"
"Xcel Energy","XEL","YES","36587.49"
"Xenon Pharmaceuticals","XENE","YES","1601.33"
"Xenia Hotels & Resorts","XHR","YES","2130"
"","XLB","YES","7208.54"
"","XLF","YES","47850.58"
"","XLU","YES","13203.1"
"","XLY","YES","19072.57"
"Qualtrics International","XM","YES","16074.48"
"","XME","YES","2650.62"
"Xometry","XMTR","YES","1934.87"
"Xencor","XNCR","YES","1849.19"
"Exxon Mobil","XOM","YES","329542.81"
"XP","XP","YES","18085.56"
"XPEL","XPEL","YES","1953.02"
"Xperi","XPER","YES","1787.47"
"XPeng","XPEV","YES","28140.78"
"XPO Logistics","XPO","YES","8236.41"
"Expro Group Holdings","XPRO","YES","1746.81"
"Dentsply Sirona","XRAY","YES","12830.05"
"Xerox","XRX","YES","3136.47"
"Xylem","XYL","YES","16396.98"
"Alleghany","Y","YES","9112.69"
"Yelp","YELP","YES","2500.8"
"YETI","YETI","YES","5363.69"
"Full Truck Alliance","YMM","YES","9957.21"
"Yandex","YNDX","YES","6708.75"
"CLEAR Secure","YOU","YES","4078.93"
"YPF Sociedad Anonima","YPF","YES","1722.71"
"Yum Brands","YUM","YES","35752.73"
"Yum China","YUMC","YES","22284.01"
"JOYY","YY","YES","3791.2"
"Zillow Group Class C","Z","YES","14486.34"
"Zimmer Biomet","ZBH","YES","26468.64"
"Zebra Technologies","ZBRA","YES","22191.05"
"Ziff Davis","ZD","YES","4861.62"
"Zendesk","ZEN","YES","14073.33"
"Zeta Global","ZETA","YES","2452.45"
"Zillow Group Class A","ZG","YES","14526.44"
"Zogenix","ZGNX","YES","1461.39"
"Zhihu","ZH","YES","1970.88"
"ZoomInfo Technologies","ZI","YES","21724.97"
"ZIM Integrated Shipping Services","ZIM","YES","8061.5"
"Zions Bancorporation","ZION","YES","11107.34"
"ZipRecruiter","ZIP","YES","2284.07"
"Zai Lab Limited","ZLAB","YES","5211.86"
"Zoom Video Communications","ZM","YES","37344.68"
"Zynga","ZNGA","YES","10283.27"
"Zentalis Pharmaceuticals","ZNTL","YES","2338.28"
"Zscaler","ZS","YES","31077.12"
"ZTO Express Cayman","ZTO","YES","17984.96"
"Zoetis","ZTS","YES","91897.4"
"Zuora","ZUO","YES","1877.72"
"Zurn Water Solutions","ZWS","YES","4178.49"
